model,nobs,pseudo_r2,dispersion,status,term,estimate,std.error,statistic,p.value,conf.low,conf.high
col1_year_fe,4787204,0.3364708112864986,2.3131118602603475,estimated,log_N_o_occ,0.8400198960211334,0.08110765451961673,10.356851039478226,3.8957692372951886e-25,0.6810518142921673,0.9989879777500994
col1_year_fe,4787204,0.3364708112864986,2.3131118602603475,estimated,log_N_d_occ,0.2800294354760644,0.0784756786405969,3.5683595265043055,3.59223361759408e-4,0.12621993167815532,0.4338389392739735
col1_year_fe,4787204,0.3364708112864986,2.3131118602603475,estimated,occ_similarity,1.797074289108551,0.35979740467383564,4.994683857538213,5.893222507678212e-7,1.09188433421685,2.502264244000252
col1_year_fe,4787204,0.3364708112864986,2.3131118602603475,estimated,same_kyoku_diff_ka,-2.3300962654679997,0.3270937886999203,-7.123633483623432,1.0511834858259187e-12,-2.971188310886598,-1.6890042200494015
col1_year_fe,4787204,0.3364708112864986,2.3131118602603475,estimated,diff_kyoku,-4.654281301413315,0.2721624340682112,-17.101115800010913,1.4559003645767946e-65,-5.187709870131766,-4.120852732694864
col1_year_fe,4787204,0.3364708112864986,2.3131118602603475,estimated,D_dest_occ_any,-2.920348580312236,3.62219917327885,-0.8062363334009345,0.4201065926297936,-10.019728504769539,4.179031344145067
col1_year_fe,4787204,0.3364708112864986,2.3131118602603475,estimated,log_N_o_occ:log_N_d_occ,0.0029091068399304983,0.02039983124077801,0.14260445616409673,0.8866025779448932,-0.037073827682689436,0.042892041362550426
col1_year_fe,4787204,0.3364708112864986,2.3131118602603475,estimated,log_N_o_occ:D_dest_occ_any,0.6920811286941131,0.28953900506397257,2.3902863399741268,0.016835241530085705,0.12459510664916662,1.2595671507390596
col1_year_fe,4787204,0.3364708112864986,2.3131118602603475,estimated,log_N_d_occ:D_dest_occ_any,-1.27991965088313,0.8374319786836931,-1.5283864044635072,0.1264166283570144,-2.9212561686052823,0.3614168668390223
col1_year_fe,4787204,0.3364708112864986,2.3131118602603475,estimated,occ_similarity:D_dest_occ_any,-1.8115140098294287,1.6795174013071514,-1.0785919862572104,0.28076965530816755,-5.103307627799749,1.4802796081408922
col1_year_fe,4787204,0.3364708112864986,2.3131118602603475,estimated,same_kyoku_diff_ka:D_dest_occ_any,12.153429356632968,1.160849810806141,10.469424419506204,1.1936657348956304e-25,9.878205535992796,14.428653177273139
col1_year_fe,4787204,0.3364708112864986,2.3131118602603475,estimated,diff_kyoku:D_dest_occ_any,11.85745700008404,1.380543467578993,8.588977658833166,8.774657739821534e-18,9.151641524537174,14.563272475630905
col1_year_fe,4787204,0.3364708112864986,2.3131118602603475,estimated,log_N_o_occ:log_N_d_occ:D_dest_occ_any,-0.26883673449163403,0.10321839891511365,-2.604542768704678,0.009199693833758895,-0.47114107890714496,-0.06653239007612313
col2_year_occ_pair_fe,2914299,0.41913005450728735,2.5654604041926063,estimated,log_N_o_occ,0.9338323978510941,0.1117296315948804,8.357965425296216,6.380913988681693e-17,0.7148463439192,1.1528184517829883
col2_year_occ_pair_fe,2914299,0.41913005450728735,2.5654604041926063,estimated,log_N_d_occ,0.16773196254719225,0.12062440892818092,1.3905308555506282,0.1643677363759832,-0.06868753460847404,0.40415145970285854
col2_year_occ_pair_fe,2914299,0.41913005450728735,2.5654604041926063,estimated,occ_similarity,1.0853114571638733,0.38062262635159205,2.8514107728355067,0.004352570023320754,0.339304817813707,1.8313180965140397
col2_year_occ_pair_fe,2914299,0.41913005450728735,2.5654604041926063,estimated,same_kyoku_diff_ka,-3.520402089186062,0.3394479385006835,-10.370963231461703,3.3611940664685555e-25,-4.185707823273768,-2.8550963550983552
col2_year_occ_pair_fe,2914299,0.41913005450728735,2.5654604041926063,estimated,diff_kyoku,-5.891420722891352,0.27204411475755075,-21.65612267753656,5.32186808502156e-104,-6.424617390022233,-5.358224055760472
col2_year_occ_pair_fe,2914299,0.41913005450728735,2.5654604041926063,estimated,D_dest_occ_any,-3.74940643636986,4.091000406234883,-0.9165011156331303,0.35940412257834237,-11.767619893328959,4.2688070205892394
col2_year_occ_pair_fe,2914299,0.41913005450728735,2.5654604041926063,estimated,log_N_o_occ:log_N_d_occ,-0.04999364824404171,0.031015841186292446,-1.611874652818914,0.10698921893960506,-0.11078357991938895,0.01079628343130553
col2_year_occ_pair_fe,2914299,0.41913005450728735,2.5654604041926063,estimated,log_N_o_occ:D_dest_occ_any,0.9453645392891836,0.2956815265355832,3.197239105079551,0.0013874986176339822,0.36583939638561636,1.524889682192751
col2_year_occ_pair_fe,2914299,0.41913005450728735,2.5654604041926063,estimated,log_N_d_occ:D_dest_occ_any,-0.9643045676852289,1.025138506537008,-0.9406578345620041,0.3468802336445899,-2.973539119662943,1.044929984292485
col2_year_occ_pair_fe,2914299,0.41913005450728735,2.5654604041926063,estimated,occ_similarity:D_dest_occ_any,-1.1528800856475812,2.095794756179528,-0.5500920747359787,0.5822562222460093,-5.260562326747359,2.954802155452197
col2_year_occ_pair_fe,2914299,0.41913005450728735,2.5654604041926063,estimated,same_kyoku_diff_ka:D_dest_occ_any,11.952978627737146,1.211334060103753,9.867615401414001,5.751563970868744e-23,9.578807496687112,14.32714975878718
col2_year_occ_pair_fe,2914299,0.41913005450728735,2.5654604041926063,estimated,diff_kyoku:D_dest_occ_any,11.56735156148707,1.4514277057794092,7.969636734525102,1.5914146318969337e-15,8.722605531995832,14.41209759097831
col2_year_occ_pair_fe,2914299,0.41913005450728735,2.5654604041926063,estimated,log_N_o_occ:log_N_d_occ:D_dest_occ_any,-0.422777586007685,0.16455782720386777,-2.5691733610696823,0.010194144515166379,-0.7453050007014312,-0.10025017131393871
col3_year_origin_kyoku_fe,4747995,0.3548241372808253,2.5738066270762228,estimated,log_N_o_occ,0.8331559734815538,0.0877126426804603,9.498698796669085,2.1252926647432546e-21,0.6612423528390208,1.0050695941240868
col3_year_origin_kyoku_fe,4747995,0.3548241372808253,2.5738066270762228,estimated,log_N_d_occ,0.25448968690238116,0.07922222959727249,3.2123519900422357,0.001316529658392739,0.099216970116764,0.4097624036879983
col3_year_origin_kyoku_fe,4747995,0.3548241372808253,2.5738066270762228,estimated,occ_similarity,1.544244870421774,0.36561052311276393,4.223742952676141,2.4027808586442904e-5,0.8276614127519077,2.26082832809164
col3_year_origin_kyoku_fe,4747995,0.3548241372808253,2.5738066270762228,estimated,same_kyoku_diff_ka,-2.316294727359862,0.34795401974670287,-6.656898888669358,2.7966543735741165e-11,-2.9982720743393383,-1.634317380380386
col3_year_origin_kyoku_fe,4747995,0.3548241372808253,2.5738066270762228,estimated,diff_kyoku,-4.8559997719588734,0.2991033362729533,-16.235190929222615,2.84361789521834e-59,-5.442231538709635,-4.269768005208112
col3_year_origin_kyoku_fe,4747995,0.3548241372808253,2.5738066270762228,estimated,D_dest_occ_any,-2.7163685518788583,4.40949485776682,-0.6160271503875975,0.5378766007586059,-11.35881966311639,5.926082559358674
col3_year_origin_kyoku_fe,4747995,0.3548241372808253,2.5738066270762228,estimated,log_N_o_occ:log_N_d_occ,0.009154867660582208,0.02111420640984635,0.43358805360133956,0.6645876114354603,-0.03222821646486139,0.0505379517860258
col3_year_origin_kyoku_fe,4747995,0.3548241372808253,2.5738066270762228,estimated,log_N_o_occ:D_dest_occ_any,0.7073940278462736,0.29883766607910867,2.367151494413731,0.017925593584319742,0.12168296510721377,1.2931050905853334
col3_year_origin_kyoku_fe,4747995,0.3548241372808253,2.5738066270762228,estimated,log_N_d_occ:D_dest_occ_any,-1.4295990960231322,0.892596213897598,-1.6016190453919414,0.10923987663403609,-3.1790555279992345,0.31985733595296995
col3_year_origin_kyoku_fe,4747995,0.3548241372808253,2.5738066270762228,estimated,occ_similarity:D_dest_occ_any,-1.4271200435154885,1.7554054317580705,-0.8129860018071163,0.41622608393998,-4.867651468027289,2.0134113809963123
col3_year_origin_kyoku_fe,4747995,0.3548241372808253,2.5738066270762228,estimated,same_kyoku_diff_ka:D_dest_occ_any,12.184106344574225,2.1517311517197157,5.662466862942608,1.492121973204732e-8,7.966790782790692,16.401421906357758
col3_year_origin_kyoku_fe,4747995,0.3548241372808253,2.5738066270762228,estimated,diff_kyoku:D_dest_occ_any,11.814112029581572,2.2009624666038,5.367702634116866,7.974589094009663e-8,7.5003048637136835,16.12791919544946
col3_year_origin_kyoku_fe,4747995,0.3548241372808253,2.5738066270762228,estimated,log_N_o_occ:log_N_d_occ:D_dest_occ_any,-0.2729763399217582,0.11849370952252562,-2.3037200963808586,0.02123836098785858,-0.5052197429804592,-0.04073293686305718
col4_year_destination_kyoku_fe,3925787,0.36108448172603647,1.825444769053591,estimated,log_N_o_occ,0.841151037074578,0.08424185647684858,9.984953706543063,1.7738386334652245e-23,0.6760400323891624,1.0062620417599935
col4_year_destination_kyoku_fe,3925787,0.36108448172603647,1.825444769053591,estimated,log_N_d_occ,0.25886453842022167,0.08421086441009745,3.0740040520137693,0.0021120656388760135,0.09381427706944487,0.42391479977099844
col4_year_destination_kyoku_fe,3925787,0.36108448172603647,1.825444769053591,estimated,occ_similarity,1.4108943063902657,0.38623509113875704,3.6529417931199686,2.592530152632666e-4,0.6538874381927567,2.1679011745877745
col4_year_destination_kyoku_fe,3925787,0.36108448172603647,1.825444769053591,estimated,same_kyoku_diff_ka,-2.3691336004431105,0.3605457739458363,-6.570964830665352,4.999026719047764e-11,-3.0757903321550693,-1.6624768687311517
col4_year_destination_kyoku_fe,3925787,0.36108448172603647,1.825444769053591,estimated,diff_kyoku,-4.9428946765338475,0.28830430989083494,-17.144713092931045,6.883779405606532e-66,-5.507960740507559,-4.377828612560136
col4_year_destination_kyoku_fe,3925787,0.36108448172603647,1.825444769053591,estimated,D_dest_occ_any,-1.6324676848306154,3.724641017888834,-0.43828859667016057,0.6611770912093977,-8.932629935233336,5.667694565572105
col4_year_destination_kyoku_fe,3925787,0.36108448172603647,1.825444769053591,estimated,log_N_o_occ:log_N_d_occ,0.007585923464832091,0.02151037740069313,0.3526634295401832,0.7243407789371089,-0.034573641534390735,0.04974548846405492
col4_year_destination_kyoku_fe,3925787,0.36108448172603647,1.825444769053591,estimated,log_N_o_occ:D_dest_occ_any,0.6774599735177027,0.2916108941295624,2.323164144946889,0.020170336129199593,0.10591312352423776,1.2490068235111678
col4_year_destination_kyoku_fe,3925787,0.36108448172603647,1.825444769053591,estimated,log_N_d_occ:D_dest_occ_any,-1.7613310193949658,0.8629939098501378,-2.040954170465499,0.04125538263447679,-3.452768001578642,-0.06989403721128995
col4_year_destination_kyoku_fe,3925787,0.36108448172603647,1.825444769053591,estimated,occ_similarity:D_dest_occ_any,-1.4111163025044706,1.7017807758403285,-0.8291998138289407,0.40699135030865696,-4.7465453327341445,1.9243127277252032
col4_year_destination_kyoku_fe,3925787,0.36108448172603647,1.825444769053591,estimated,same_kyoku_diff_ka:D_dest_occ_any,12.163183487761948,1.1711873539758124,10.385343938757337,2.8912531935643104e-25,9.867698454820593,14.458668520703304
col4_year_destination_kyoku_fe,3925787,0.36108448172603647,1.825444769053591,estimated,diff_kyoku:D_dest_occ_any,12.119030935810091,1.3907522675030635,8.714011272164543,2.9330719564526432e-18,9.393206580086673,14.84485529153351
col4_year_destination_kyoku_fe,3925787,0.36108448172603647,1.825444769053591,estimated,log_N_o_occ:log_N_d_occ:D_dest_occ_any,-0.268017370138284,0.10710920546750292,-2.5022813769223675,0.012339581040197153,-0.47794755526729027,-0.05808718500927765
col5_year_origin_ka_fe,3026211,0.39369586013741853,3.35913273247374,estimated,log_N_o_occ,0.9162402025416494,0.08507145524182962,10.770242497170006,4.7574649132533826e-27,0.7495032141552522,1.0829771909280466
col5_year_origin_ka_fe,3026211,0.39369586013741853,3.35913273247374,estimated,log_N_d_occ,0.17104299565874423,0.086052769423060893,1.9876524231061783,0.0468501441780196,0.002382666819615298,0.33970332449787316
col5_year_origin_ka_fe,3026211,0.39369586013741853,3.35913273247374,estimated,occ_similarity,1.5717787329520614,0.3699550967227522,4.248566236485632,2.151430373101922e-5,0.8466800674784352,2.2968773984256874
col5_year_origin_ka_fe,3026211,0.39369586013741853,3.35913273247374,estimated,same_kyoku_diff_ka,-2.352990532434761,0.34033994182388744,-6.913647924557562,4.723466359898694e-12,-3.0200445609100375,-1.6859365039594842
col5_year_origin_ka_fe,3026211,0.39369586013741853,3.35913273247374,estimated,diff_kyoku,-4.892774538418602,0.2897411614859039,-16.886708513649136,5.636081111913612e-64,-5.460656779769778,-4.324892297067427
col5_year_origin_ka_fe,3026211,0.39369586013741853,3.35913273247374,estimated,D_dest_occ_any,-3.5214111150141605,9.369030033719733,-0.3758565296877455,0.7070235591699405,-21.88437255117892,14.8415503211506
col5_year_origin_ka_fe,3026211,0.39369586013741853,3.35913273247374,estimated,log_N_o_occ:log_N_d_occ,0.042413463711909356,0.028297569911131557,1.4988376685739704,0.13391574983596452,-0.013048754163912782,0.0978756815877315
col5_year_origin_ka_fe,3026211,0.39369586013741853,3.35913273247374,estimated,log_N_o_occ:D_dest_occ_any,0.7481520965614195,0.4768277776671419,1.5690195320031886,0.11664338792437229,-0.18641317449445083,1.6827173676172897
col5_year_origin_ka_fe,3026211,0.39369586013741853,3.35913273247374,estimated,log_N_d_occ:D_dest_occ_any,-1.1504937653613965,1.0660098618494989,-1.0792524596023159,0.28047519952897093,-3.239834701750932,0.9388471710281392
col5_year_origin_ka_fe,3026211,0.39369586013741853,3.35913273247374,estimated,occ_similarity:D_dest_occ_any,-0.6106822485891134,2.0339537985578655,-0.30024391361401886,0.7639911110700189,-4.597158439980965,3.3757939428027384
col5_year_origin_ka_fe,3026211,0.39369586013741853,3.35913273247374,estimated,same_kyoku_diff_ka:D_dest_occ_any,12.305301617031969,7.857061254181626,1.5661455624369651,0.11731454359294669,-3.0942554654891214,27.704858699553057
col5_year_origin_ka_fe,3026211,0.39369586013741853,3.35913273247374,estimated,diff_kyoku:D_dest_occ_any,12.062229549906544,7.889853609457323,1.5288280552440063,0.12630707539463046,-3.401599367923156,27.52605846773624
col5_year_origin_ka_fe,3026211,0.39369586013741853,3.35913273247374,estimated,log_N_o_occ:log_N_d_occ:D_dest_occ_any,-0.3507181886594539,0.16539663896019288,-2.1204674464023636,0.03396664403298046,-0.6748896441854062,-0.026546733133501588
col6_year_destination_ka_fe,1685573,0.4198724475774098,2.5445146491892903,estimated,log_N_o_occ,0.8051944231545994,0.10598965648446447,7.596915112868787,3.032733280134888e-14,0.5974585137112769,1.012930332597922
col6_year_destination_ka_fe,1685573,0.4198724475774098,2.5445146491892903,estimated,log_N_d_occ,0.16112144061742018,0.08077859244743914,1.9946056960853629,0.04608590185661791,0.002798308698600288,0.31944457253624003
col6_year_destination_ka_fe,1685573,0.4198724475774098,2.5445146491892903,estimated,occ_similarity,1.3039593607627,0.4219661033700568,3.0901993083059347,0.002000222224876613,0.47692099546068334,2.1309977260647166
col6_year_destination_ka_fe,1685573,0.4198724475774098,2.5445146491892903,estimated,same_kyoku_diff_ka,-2.408645801991931,0.3454495066343974,-6.972497443862597,3.113633194728717e-12,-3.0857143934724802,-1.7315772105113818
col6_year_destination_ka_fe,1685573,0.4198724475774098,2.5445146491892903,estimated,diff_kyoku,-5.028168063542474,0.2914925369315688,-17.249731730603088,1.1242013143967185e-66,-5.599482937690561,-4.456853189394388
col6_year_destination_ka_fe,1685573,0.4198724475774098,2.5445146491892903,estimated,D_dest_occ_any,3.603007284396874,145.04869223698896,0.024839984620544334,0.9801825977732013,-280.6872055047359,287.8932200735297
col6_year_destination_ka_fe,1685573,0.4198724475774098,2.5445146491892903,estimated,log_N_o_occ:log_N_d_occ,0.03572514314097901,0.02835578947333909,1.2598888553100873,0.2077094596441312,-0.019851182979965583,0.09130146926192359
col6_year_destination_ka_fe,1685573,0.4198724475774098,2.5445146491892903,estimated,log_N_o_occ:D_dest_occ_any,0.6421452107847099,0.18194306353500492,3.529374510400966,4.165432014994833e-4,0.2855433590192175,0.9987470625502022
col6_year_destination_ka_fe,1685573,0.4198724475774098,2.5445146491892903,estimated,log_N_d_occ:D_dest_occ_any,-1.3714736738500903,0.3375514304483885,-4.063006552892651,4.844466905275362e-5,-2.0330623204589084,-0.7098850272412721
col6_year_destination_ka_fe,1685573,0.4198724475774098,2.5445146491892903,estimated,occ_similarity:D_dest_occ_any,-1.728622374512764,1.4638124554050467,-1.1809042668887817,0.23764075610253638,-4.597642067227799,1.1403973182022709
col6_year_destination_ka_fe,1685573,0.4198724475774098,2.5445146491892903,estimated,same_kyoku_diff_ka:D_dest_occ_any,14.851514316644623,145.7138578832296,0.10192245632907579,0.9188182252092971,-270.74239918287316,300.4454278161624
col6_year_destination_ka_fe,1685573,0.4198724475774098,2.5445146491892903,estimated,diff_kyoku:D_dest_occ_any,14.694422805112822,145.7295215139525,0.10083353497943065,0.9196826054342983,-270.930190846489,300.3190364567146
col6_year_destination_ka_fe,1685573,0.4198724475774098,2.5445146491892903,estimated,log_N_o_occ:log_N_d_occ:D_dest_occ_any,-0.2751752343868872,0.05976155448376497,-4.604552822695438,4.133530928398835e-6,-0.39230572883519466,-0.1580447399385797
