section_id,office_id,year_num,ka,ka_group,norm_kyoku,kyoku_group,n_drafted_male,transfers_in,transfers_same_section,transfers_same_department,transfers_different_department,new_hires,n_workers,slack_different_department,slack_same_department,slack_same_section,transfer_share,any_slack_same_section,any_slack_same_department,any_slack_different_department,log_slack_same_section,log_slack_same_department,log_slack_different_department,slack_same_section_per_draft,slack_same_department_per_draft,slack_different_department_per_draft,log_slack_same_section_per_draft,log_slack_same_department_per_draft,log_slack_different_department_per_draft,log_section_size
1146_grp_181,1146,1944,経理課,181,交通局,transport,2,14,7,5,0,0,27,0,0,0,1,0,0,0,0,0,0,0,0,0,0,0,0,3.332204510175204
1153_grp_740,1153,1944,防火改修課,740,計画局,infrastructure,9,21,0,2,19,0,34,0,0,0,1,0,0,0,0,0,0,0,0,0,0,0,0,3.5553480614894135
1180_grp_12,1180,1944,商工課,12,経済局,economy,6,1,0,0,1,0,30,215,10,0,1,0,1,1,0,2.3978952727983707,5.375278407684165,0,1.6666666666666667,35.833333333333336,0,0.9808292530117263,3.606403232289698,3.4339872044851463
1182_grp_24,1182,1944,企画課,24,計画局,infrastructure,9,21,17,0,2,0,48,217,27,30,1,1,1,1,3.4339872044851463,3.332204510175204,5.384495062789089,3.3333333333333335,3,24.11111111111111,1.4663370687934272,1.3862943611198906,3.2233104219360666,3.8918202981106265
1231_name_missing,1231,1944,NA,NA,交通局,transport,12,28,0,28,0,0,62,0,0,0,1,0,0,0,0,0,0,0,0,0,0,0,0,4.143134726391533
1237_grp_1426,1237,1944,化学工業指導所,1426,経済局,economy,6,2,0,1,1,0,9,215,10,0,1,0,1,1,0,2.3978952727983707,5.375278407684165,0,1.6666666666666667,35.833333333333336,0,0.9808292530117263,3.606403232289698,2.302585092994046
1238_grp_846,1238,1944,資材課,846,経済局,economy,2,1,0,0,1,0,10,215,10,0,1,0,1,1,0,2.3978952727983707,5.375278407684165,0,5,107.5,0,1.791759469228055,4.686750172980514,2.3978952727983707
1278_grp_11,1278,1943,厚生課,11,健民局,welfare,2,119,46,66,6,22,168,2243,182,46,0.8439716312056738,1,1,1,3.8501476017100584,5.209486152841421,7.716015266642587,23,91,1121.5,3.1780538303479458,4.5217885770490405,7.02331361961641,5.1298987149230735
1306_grp_1322,1306,1944,品川機械工業指導所,1322,経済局,economy,7,5,0,3,2,0,17,0,0,0,1,0,0,0,0,0,0,0,0,0,0,0,0,2.8903717578961645
1313_grp_627,1313,1941,品川診療所,627,府会事務局,assembly,1,0,0,0,0,0,3,93,2,0,NA,0,1,1,0,1.0986122886681098,4.543294782270004,0,2,93,0,1.0986122886681098,4.543294782270004,1.3862943611198906
1357_grp_761,1357,1941,多磨砂利採取工場,761,府会事務局,assembly,1,0,0,0,0,0,4,0,0,0,NA,0,0,0,0,0,0,0,0,0,0,0,0,1.6094379124341003
1365_grp_222,1365,1941,大島分場,222,府会事務局,assembly,2,1,0,0,0,4,38,0,0,0,0.2,0,0,0,0,0,0,0,0,0,0,0,0,3.6635616461296463
1393_grp_133,1393,1944,教育第一課,133,教育局,education,8,9,5,4,0,0,19,419,83,1,1,1,1,1,0.6931471805599453,4.430816798843313,6.040254711277414,0.125,10.375,52.375,0.11778303565638346,2.431417964837014,3.9773424715487886,2.995732273553991
1401_name_missing,1401,1944,NA,NA,教育局,education,1,6,0,5,1,0,25,0,0,0,1,0,0,0,0,0,0,0,0,0,0,0,0,3.258096538021482
1423_grp_564,1423,1944,尾久派出所,564,交通局,transport,3,5,0,4,1,0,5,0,0,0,1,0,0,0,0,0,0,0,0,0,0,0,0,1.791759469228055
1425_grp_679,1425,1944,林務課,679,経済局,economy,3,0,0,0,0,0,12,198,23,0,NA,0,1,1,0,3.1780538303479458,5.293304824724492,0,7.666666666666667,66,0,2.1594842493533726,4.204692619390966,2.5649493574615367
1432_grp_14,1432,1944,港湾局工事課,14,港湾局,port,10,17,16,0,1,2,20,0,15,0,0.8947368421052632,0,1,0,0,2.772588722239781,0,0,1.5,0,0,0.9162907318741551,0,3.044522437723423
1432_grp_6,1432,1944,河川課,6,計画局,infrastructure,4,7,6,0,1,0,9,202,24,3,1,1,1,1,1.3862943611198906,3.2188758248682006,5.313205979041787,0.75,6,50.5,0.5596157879354227,1.9459101490553132,3.9415818076696905,2.302585092994046
1432_grp_905,1432,1944,西部田田課,905,水道局,water,3,22,0,22,0,6,37,0,0,0,0.7857142857142857,0,0,0,0,0,0,0,0,0,0,0,0,3.6375861597263857
1448_grp_10,1448,1944,営繕課,10,計画局,infrastructure,12,13,8,2,3,16,40,247,20,7,0.4482758620689655,1,1,1,2.0794415416798357,3.044522437723423,5.5134287461649825,0.5833333333333334,1.6666666666666667,20.583333333333332,0.45953232937844024,0.9808292530117263,3.0719214119115374,3.713572066704308
1448_grp_598,1448,1944,下水課,598,水道局,water,1,9,0,6,3,10,24,0,0,0,0.47368421052631576,0,0,0,0,0,0,0,0,0,0,0,0,3.2188758248682006
1448_grp_753,1448,1944,庶務課,753,水道局,water,2,18,0,3,15,6,25,413,57,0,0.75,0,1,1,0,4.060443010546419,6.025865973825314,0,28.5,206.5,0,3.3843902633457743,5.335131339670753,3.258096538021482
1476_grp_237,1476,1941,河港課,237,府会事務局,assembly,2,30,26,0,0,5,57,852,1,18,0.8571428571428571,1,1,1,2.9444389791664403,0.6931471805599453,6.748759547491679,9,0.5,426,2.302585092994046,0.4054651081081644,6.056784013228625,4.060443010546419
1476_grp_740,1476,1944,防火改修課,740,計画局,infrastructure,18,22,0,1,21,6,39,0,0,0,0.7857142857142857,0,0,0,0,0,0,0,0,0,0,0,0,3.6888794541139363
1476_name_missing,1476,1944,NA,NA,計画局,infrastructure,26,7,0,1,3,102,132,37,3,0,0.06422018348623854,0,1,1,0,1.3862943611198906,3.6375861597263857,0,0.11538461538461539,1.4230769230769231,0,0.109199291964992,0.8850381883700508,4.890349128221754
1489_grp_179,1489,1944,庶務課,179,教育局,education,6,13,7,2,4,0,41,237,37,0,1,0,1,1,0,3.6375861597263857,5.472270673671475,0,6.166666666666667,39.5,0,1.9694406464655074,3.7013019741124933,3.7376696182833684
1492_grp_825,1492,1944,教習所,825,交通局,transport,7,8,0,8,0,0,15,0,0,0,1,0,0,0,0,0,0,0,0,0,0,0,0,2.772588722239781
1529_grp_24,1529,1944,企画課,24,計画局,infrastructure,27,35,28,3,3,0,71,0,0,0,1,0,0,0,0,0,0,0,0,0,0,0,0,4.276666119016055
1530_grp_24,1530,1944,企画課,24,計画局,infrastructure,3,14,2,12,0,0,26,0,0,0,1,0,0,0,0,0,0,0,0,0,0,0,0,3.295836866004329
1552_grp_4,1552,1944,交通局経理課,4,交通局,transport,1,12,9,2,1,0,21,174,50,5,1,1,1,1,1.791759469228055,3.9318256327243257,5.1647859739235145,5,50,174,1.791759469228055,3.9318256327243257,5.1647859739235145,3.091042453358316
1552_grp_455,1552,1944,経理課,455,港湾局,port,8,10,0,9,1,0,19,0,0,0,1,0,0,0,0,0,0,0,0,0,0,0,0,2.995732273553991
1552_grp_61,1552,1944,水道局庶務課,61,水道局,water,13,17,8,1,7,0,48,0,0,0,1,0,0,0,0,0,0,0,0,0,0,0,0,3.8918202981106265
1557_grp_679,1557,1944,林務課,679,経済局,economy,1,4,0,0,3,0,22,0,0,0,1,0,0,0,0,0,0,0,0,0,0,0,0,3.1354942159291497
1564_grp_1243,1564,1944,本所機械工業指導所,1243,経済局,economy,1,1,0,0,1,0,7,0,0,0,1,0,0,0,0,0,0,0,0,0,0,0,0,2.0794415416798357
1621_grp_715,1621,1944,林産物検査所大島支所,715,経済局,economy,3,2,0,0,2,0,15,0,0,0,1,0,0,0,0,0,0,0,0,0,0,0,0,2.772588722239781
1622_grp_781,1622,1944,林産物検査所深川支所,781,経済局,economy,2,4,0,0,4,0,32,0,0,0,1,0,0,0,0,0,0,0,0,0,0,0,0,3.4965075614664802
1629_grp_1038,1629,1944,運輸課,1038,交通局,transport,4,9,0,8,1,0,9,174,55,0,1,0,1,1,0,4.02535169073515,5.1647859739235145,0,13.75,43.5,0,2.691243082785829,3.7954891891721947,2.302585092994046
1684_grp_131,1684,1944,淀橋出張所,131,水道局,water,1,4,2,2,0,3,12,0,0,0,0.5714285714285714,0,0,0,0,0,0,0,0,0,0,0,0,2.5649493574615367
1692_grp_1045,1692,1944,深川出張所,1045,交通局,transport,2,8,0,6,2,0,10,0,0,0,1,0,0,0,0,0,0,0,0,0,0,0,0,2.3978952727983707
1701_grp_691,1701,1944,浅草出張所,691,交通局,transport,3,3,0,2,1,0,9,0,0,0,1,0,0,0,0,0,0,0,0,0,0,0,0,2.302585092994046
1750_grp_10,1750,1944,営繕課,10,計画局,infrastructure,23,41,31,2,6,0,126,202,22,5,1,1,1,1,1.791759469228055,3.1354942159291497,5.313205979041787,0.21739130434782608,0.9565217391304348,8.782608695652174,0.1967102942460543,0.6711682738411701,2.2806061862752705,4.844187086458591
1751_grp_10,1751,1944,営繕課,10,計画局,infrastructure,20,17,5,7,5,0,56,247,20,7,1,1,1,1,2.0794415416798357,3.044522437723423,5.5134287461649825,0.35,1,12.35,0.30010459245033816,0.6931471805599453,2.5915163848462583,4.04305126783455
1759_grp_1470,1759,1944,合〓山垣島山場,1470,経済局,economy,2,4,0,2,2,0,29,0,0,0,1,0,0,0,0,0,0,0,0,0,0,0,0,3.4011973816621555
1781_name_missing,1781,1944,NA,NA,経済局,economy,3,12,0,8,3,0,28,0,0,0,1,0,0,0,0,0,0,0,0,0,0,0,0,3.367295829986474
1789_grp_61,1789,1944,水道局庶務課,61,水道局,water,1,4,0,0,4,0,14,0,0,0,1,0,0,0,0,0,0,0,0,0,0,0,0,2.70805020110221
1790_grp_24,1790,1944,企画課,24,計画局,infrastructure,2,38,22,7,8,0,64,217,27,30,1,1,1,1,3.4339872044851463,3.332204510175204,5.384495062789089,15,13.5,108.5,2.772588722239781,2.6741486494265287,4.695924549256556,4.174387269895637
1797_grp_46,1797,1944,農務課,46,経済局,economy,14,8,4,0,3,0,62,215,7,3,1,1,1,1,1.3862943611198906,2.0794415416798357,5.375278407684165,0.21428571428571427,0.5,15.357142857142858,0.1941560144409574,0.4054651081081644,2.794664673938981,4.143134726391533
1804_name_missing,1804,1944,NA,NA,計画局,infrastructure,7,3,0,0,3,0,28,0,0,0,1,0,0,0,0,0,0,0,0,0,0,0,0,3.367295829986474
1813_grp_491,1813,1944,保線課,491,交通局,transport,8,12,0,12,0,0,20,0,0,0,1,0,0,0,0,0,0,0,0,0,0,0,0,3.044522437723423
1834_grp_179,1834,1944,庶務課,179,教育局,education,2,9,0,7,2,0,20,0,0,0,1,0,0,0,0,0,0,0,0,0,0,0,0,3.044522437723423
1865_grp_1316,1865,1944,第一出張所,1316,水道局,water,2,8,0,8,0,0,14,0,0,0,1,0,0,0,0,0,0,0,0,0,0,0,0,2.70805020110221
1865_grp_565,1865,1944,第一出張所,565,計画局,infrastructure,1,4,0,0,3,0,6,0,0,0,1,0,0,0,0,0,0,0,0,0,0,0,0,1.9459101490553132
1873_grp_589,1873,1944,第七出張所,589,計画局,infrastructure,3,17,0,2,13,0,20,0,0,0,1,0,0,0,0,0,0,0,0,0,0,0,0,3.044522437723423
1874_grp_590,1874,1944,第三出張所,590,水道局,water,2,1,0,1,0,0,3,0,0,0,1,0,0,0,0,0,0,0,0,0,0,0,0,1.3862943611198906
1877_grp_577,1877,1944,第二出張所,577,水道局,water,2,10,0,9,1,0,17,0,0,0,1,0,0,0,0,0,0,0,0,0,0,0,0,2.8903717578961645
1891_grp_1325,1891,1944,第四出張所,1325,計画局,infrastructure,4,7,0,3,4,0,11,0,0,0,1,0,0,0,0,0,0,0,0,0,0,0,0,2.4849066497880004
1891_grp_530,1891,1944,第四出張所,530,水道局,water,13,12,0,10,2,0,27,0,0,0,1,0,0,0,0,0,0,0,0,0,0,0,0,3.332204510175204
1895_grp_1139,1895,1944,給水課,1139,水道局,water,9,12,0,12,0,0,39,0,0,0,1,0,0,0,0,0,0,0,0,0,0,0,0,3.6888794541139363
1895_grp_455,1895,1944,経理課,455,港湾局,port,4,8,0,8,0,0,13,0,0,0,1,0,0,0,0,0,0,0,0,0,0,0,0,2.6390573296152584
1895_grp_5,1895,1944,道路課,5,計画局,infrastructure,3,16,11,4,1,0,38,247,27,0,1,0,1,1,0,3.332204510175204,5.5134287461649825,0,9,82.33333333333333,0,2.302585092994046,4.422848629194137,3.6635616461296463
1895_grp_6,1895,1944,河川課,6,計画局,infrastructure,6,5,3,2,0,0,19,247,27,0,1,0,1,1,0,3.332204510175204,5.5134287461649825,0,4.5,41.166666666666664,0,1.7047480922384253,3.7416300194994654,2.995732273553991
1903_grp_180,1903,1944,食料課,180,経済局,economy,1,5,3,1,1,0,26,0,0,0,1,0,0,0,0,0,0,0,0,0,0,0,0,3.295836866004329
1905_grp_754,1905,1944,水道局業務課,754,水道局,water,7,13,0,10,3,0,30,0,0,0,1,0,0,0,0,0,0,0,0,0,0,0,0,3.4339872044851463
1918_grp_215,1918,1941,経理課,215,府会事務局,assembly,1,0,0,0,0,0,10,0,0,21,NA,1,0,0,3.091042453358316,0,0,21,0,0,3.091042453358316,0,0,2.3978952727983707
1935_grp_846,1935,1944,資材課,846,経済局,economy,3,1,0,1,0,0,10,215,10,0,1,0,1,1,0,2.3978952727983707,5.375278407684165,0,3.3333333333333335,71.66666666666667,0,1.4663370687934272,4.28588277412098,2.3978952727983707
1944_grp_133,1944,1944,教育第一課,133,教育局,education,5,6,0,4,2,0,26,0,0,0,1,0,0,0,0,0,0,0,0,0,0,0,0,3.295836866004329
1948_grp_303,1948,1941,職業補導所,303,府会事務局,assembly,3,1,0,0,0,4,35,0,0,0,0.2,0,0,0,0,0,0,0,0,0,0,0,0,3.58351893845611
1962_grp_1356,1962,1944,交通局軍輛課保繰課,1356,交通局,transport,2,8,0,8,0,0,15,0,0,0,1,0,0,0,0,0,0,0,0,0,0,0,0,2.772588722239781
1963_grp_134,1963,1944,交通局運輸課,134,交通局,transport,8,15,5,9,1,0,31,172,98,4,1,1,1,1,1.6094379124341003,4.59511985013459,5.153291594497779,0.5,12.25,21.5,0.4054651081081644,2.583997552432231,3.1135153092103742,3.4657359027997265
1973_grp_1390,1973,1944,芝浦出張所,1390,交通局,transport,3,3,0,3,0,2,5,172,102,0,0.6,0,1,1,0,4.634728988229636,5.153291594497779,0,34,57.333333333333336,0,3.5553480614894135,4.0661736852554045,1.791759469228055
1985_grp_297,1985,1941,荏原診療所,297,府会事務局,assembly,5,1,0,0,0,1,14,0,0,0,0.5,0,0,0,0,0,0,0,0,0,0,0,0,2.70805020110221
2018_grp_1392,2018,1944,蒲田機械工業指導所,1392,経済局,economy,3,1,0,1,0,0,5,0,0,0,1,0,0,0,0,0,0,0,0,0,0,0,0,1.791759469228055
2035_grp_10,2035,1944,営繕課,10,計画局,infrastructure,15,25,0,22,3,0,43,202,22,5,1,1,1,1,1.791759469228055,3.1354942159291497,5.313205979041787,0.3333333333333333,1.4666666666666666,13.466666666666667,0.28768207245178085,0.9028677115420144,2.6718471524382497,3.784189633918261
2055_grp_47,2055,1944,都市計画課,47,計画局,infrastructure,3,9,8,0,0,0,18,37,3,0,1,0,1,1,0,1.3862943611198906,3.6375861597263857,0,1,12.333333333333334,0,0.6931471805599453,2.5902671654458267,2.9444389791664403
2055_grp_840,2055,1944,工専課,840,水道局,water,12,17,0,14,3,0,43,198,8,0,1,0,1,1,0,2.1972245773362196,5.293304824724492,0,0.6666666666666666,16.5,0,0.5108256237659906,2.8622008809294686,3.784189633918261
2055_name_missing,2055,1944,NA,NA,港湾局,port,9,26,0,23,3,0,62,0,0,0,1,0,0,0,0,0,0,0,0,0,0,0,0,4.143134726391533
2070_grp_839,2070,1944,調査室,839,経済局,economy,8,5,0,4,1,0,15,215,10,0,1,0,1,1,0,2.3978952727983707,5.375278407684165,0,1.25,26.875,0,0.8109302162163288,3.3277302297802827,2.772588722239781
2104_grp_24,2104,1944,企画課,24,計画局,infrastructure,7,5,3,0,1,0,19,0,0,0,1,0,0,0,0,0,0,0,0,0,0,0,0,2.995732273553991
2132_grp_232,2132,1941,農林産物検査所,232,府会事務局,assembly,2,0,0,0,0,0,14,0,0,0,NA,0,0,0,0,0,0,0,0,0,0,0,0,2.70805020110221
2136_grp_265,2136,1941,農林産物検査所青梅出張所,265,府会事務局,assembly,5,0,0,0,0,1,32,0,0,0,0,0,0,0,0,0,0,0,0,0,0,0,0,3.4965075614664802
2157_grp_1139,2157,1944,給水課,1139,水道局,water,6,10,0,9,1,0,20,0,0,0,1,0,0,0,0,0,0,0,0,0,0,0,0,3.044522437723423
2170_grp_1078,2170,1944,銀座出張所,1078,交通局,transport,3,4,0,4,0,0,11,0,0,0,1,0,0,0,0,0,0,0,0,0,0,0,0,2.4849066497880004
2189_grp_457,2189,1944,電気課,457,交通局,transport,5,13,0,13,0,0,25,174,55,0,1,0,1,1,0,4.02535169073515,5.1647859739235145,0,11,34.8,0,2.4849066497880004,3.5779478934066544,3.258096538021482
2191_grp_456,2191,1944,車輛課,456,交通局,transport,2,7,0,7,0,0,12,174,55,0,1,0,1,1,0,4.02535169073515,5.1647859739235145,0,27.5,87,0,3.349904087274605,4.477336814478207,2.5649493574615367
2195_name_missing,2195,1944,NA,NA,教育局,education,8,9,0,9,0,0,42,0,0,0,1,0,0,0,0,0,0,0,0,0,0,0,0,3.7612001156935624
2199_name_missing,2199,1944,NA,NA,経済局,economy,1,8,0,5,0,0,21,0,0,0,1,0,0,0,0,0,0,0,0,0,0,0,0,3.091042453358316
2202_name_食糧検査所,2202,1944,食糧検査所,NA,経済局,economy,1,1,0,0,1,0,18,0,0,0,1,0,0,0,0,0,0,0,0,0,0,0,0,2.9444389791664403
2203_name_食糧検査所八王子支所,2203,1944,食糧検査所八王子支所,NA,経済局,economy,1,0,0,0,0,0,4,0,0,0,NA,0,0,0,0,0,0,0,0,0,0,0,0,1.6094379124341003
2204_grp_667,2204,1944,食糧検査所府中支所,667,経済局,economy,6,7,0,0,7,0,38,40,0,0,1,0,0,1,0,0,3.713572066704308,0,0,6.666666666666667,0,0,2.03688192726104,3.6635616461296463
2205_name_食糧検査所東京支所,2205,1944,食糧検査所東京支所,NA,経済局,economy,6,3,0,0,3,0,26,255,10,0,1,0,1,1,0,2.3978952727983707,5.545177444479562,0,1.6666666666666667,42.5,0,0.9808292530117263,3.7727609380946383,3.295836866004329
2206_name_食糧検査所青梅支所,2206,1944,食糧検査所青梅支所,NA,経済局,economy,1,1,0,0,1,0,14,0,0,0,1,0,0,0,0,0,0,0,0,0,0,0,0,2.70805020110221
2240_name_missing,2240,1941,NA,NA,府会事務局,assembly,6,42,0,0,0,0,51,2,0,0,1,0,0,1,0,0,1.0986122886681098,0,0,0.3333333333333333,0,0,0.28768207245178085,3.9512437185814275
2627_name_missing,2627,1944,NA,NA,交通局,transport,35,39,0,35,3,0,105,172,102,0,1,0,1,1,0,4.634728988229636,5.153291594497779,0,2.914285714285714,4.914285714285715,0,1.3646328643387111,1.7773707317759555,4.663439094112067
2768_grp_39,2768,1944,公園緑地課,39,計画局,infrastructure,4,13,10,0,3,0,26,0,0,0,1,0,0,0,0,0,0,0,0,0,0,0,0,3.295836866004329
2960_grp_288,2960,1941,南足立税務出張所,288,府会事務局,assembly,2,3,0,0,0,4,31,1384,3,0,0.42857142857142855,0,1,1,0,1.3862943611198906,7.233455418621439,0,1.5,692,0,0.9162907318741551,6.541029999189903,3.4657359027997265
3252_grp_279,3252,1941,佐室,279,府会事務局,assembly,3,9,0,0,0,0,10,0,0,7,1,1,0,0,2.0794415416798357,0,0,2.3333333333333335,0,0,1.2039728043259361,0,0,2.3978952727983707
3431_name_missing,3431,1941,NA,NA,府会事務局,assembly,10,2,0,0,0,4,42,1384,3,0,0.3333333333333333,0,1,1,0,1.3862943611198906,7.233455418621439,0,0.3,138.4,0,0.26236426446749106,4.937347498326424,3.7612001156935624
3442_name_missing,3442,1941,NA,NA,府会事務局,assembly,1,0,0,0,0,3,5,0,0,0,0,0,0,0,0,0,0,0,0,0,0,0,0,1.791759469228055
3448_grp_275,3448,1941,府立機械工養成所,275,府会事務局,assembly,4,1,0,0,0,0,23,1656,13,0,1,0,1,1,0,2.6390573296152584,7.4127640174265625,0,3.25,414,0,1.4469189829363254,6.028278520230698,3.1780538303479458
3449_grp_293,3449,1941,府立淀橋健康相談所,293,府会事務局,assembly,3,0,0,0,0,0,18,852,1,0,NA,0,1,1,0,0.6931471805599453,6.748759547491679,0,0.3333333333333333,284,0,0.28768207245178085,5.652489180268651,2.9444389791664403
3462_grp_279,3462,1941,佐室,279,府会事務局,assembly,3,1,0,0,0,4,40,0,0,7,0.2,1,0,0,2.0794415416798357,0,0,2.3333333333333335,0,0,1.2039728043259361,0,0,3.713572066704308
3465_grp_279,3465,1941,佐室,279,府会事務局,assembly,13,39,0,0,0,4,49,1384,3,7,0.9069767441860465,1,1,1,2.0794415416798357,1.3862943611198906,7.233455418621439,0.5384615384615384,0.23076923076923078,106.46153846153847,0.43078291609245417,0.20763936477824455,4.677133001795426,3.912023005428146
3466_grp_439,3466,1941,北室,439,府会事務局,assembly,5,2,0,0,1,4,24,1384,3,0,0.3333333333333333,0,1,1,0,1.3862943611198906,7.233455418621439,0,0.6,276.8,0,0.47000362924573563,5.626901430320244,3.2188758248682006
3467_grp_279,3467,1941,佐室,279,府会事務局,assembly,4,2,0,0,0,3,21,0,0,7,0.4,1,0,0,2.0794415416798357,0,0,1.75,0,0,1.0116009116784799,0,0,3.091042453358316
3470_grp_279,3470,1941,佐室,279,府会事務局,assembly,6,0,0,0,0,8,59,0,0,7,0,1,0,0,2.0794415416798357,0,0,1.1666666666666667,0,0,0.7731898882334819,0,0,4.0943445622221
3496_grp_279,3496,1941,佐室,279,府会事務局,assembly,2,34,34,0,0,1,37,2236,4,60,0.9714285714285714,1,1,1,4.110873864173311,1.6094379124341003,7.71289096149013,30,2,1118,3.4339872044851463,1.0986122886681098,7.020190708311925,3.6375861597263857
3497_grp_439,3497,1941,北室,439,府会事務局,assembly,2,48,0,0,0,10,79,0,0,0,0.8275862068965517,0,0,0,0,0,0,0,0,0,0,0,0,4.382026634673881
3509_grp_2,3509,1941,幹部機械工養成所,2,府会事務局,assembly,3,46,0,0,0,0,50,0,0,0,1,0,0,0,0,0,0,0,0,0,0,0,0,3.9318256327243257
3511_grp_2,3511,1941,幹部機械工養成所,2,府会事務局,assembly,1,11,0,0,0,0,20,852,1,0,1,0,1,1,0,0.6931471805599453,6.748759547491679,0,1,852,0,0.6931471805599453,6.748759547491679,3.044522437723423
3518_grp_2,3518,1944,庶務課,2,計画局,infrastructure,18,33,27,3,3,16,77,0,0,0,0.673469387755102,0,0,0,0,0,0,0,0,0,0,0,0,4.356708826689592
3862_grp_154,3862,1941,東京労働紹介所,154,府会事務局,assembly,1,0,0,0,0,0,7,0,0,44,NA,1,0,0,3.8066624897703196,0,0,44,0,0,3.8066624897703196,0,0,2.0794415416798357
3863_name_missing,3863,1941,NA,NA,府会事務局,assembly,1,0,0,0,0,2,14,0,0,0,0,0,0,0,0,0,0,0,0,0,0,0,0,2.70805020110221
3876_name_missing,3876,1941,NA,NA,府会事務局,assembly,3,1,0,0,1,2,35,0,0,0,0.3333333333333333,0,0,0,0,0,0,0,0,0,0,0,0,3.58351893845611
3881_name_missing,3881,1941,NA,NA,府会事務局,assembly,1,0,0,0,0,0,17,0,0,0,NA,0,0,0,0,0,0,0,0,0,0,0,0,2.8903717578961645
3882_grp_213,3882,1941,所,213,府会事務局,assembly,3,0,0,0,0,7,43,0,0,75,0,1,0,0,4.330733340286331,0,0,25,0,0,3.258096538021482,0,0,3.784189633918261
3891_name_missing,3891,1941,NA,NA,府会事務局,assembly,7,0,0,0,0,0,11,0,0,0,NA,0,0,0,0,0,0,0,0,0,0,0,0,2.4849066497880004
3896_name_missing,3896,1941,NA,NA,府会事務局,assembly,3,0,0,0,0,2,21,0,0,0,0,0,0,0,0,0,0,0,0,0,0,0,0,3.091042453358316
3899_name_missing,3899,1941,NA,NA,府会事務局,assembly,2,0,0,0,0,2,15,1384,3,0,0,0,1,1,0,1.3862943611198906,7.233455418621439,0,1.5,692,0,0.9162907318741551,6.541029999189903,2.772588722239781
3900_grp_213,3900,1941,所,213,府会事務局,assembly,3,2,0,0,1,2,35,0,0,78,0.5,1,0,0,4.3694478524670215,0,0,26,0,0,3.295836866004329,0,0,3.58351893845611
3901_name_missing,3901,1941,NA,NA,府会事務局,assembly,3,1,0,0,0,4,22,0,0,0,0.2,0,0,0,0,0,0,0,0,0,0,0,0,3.1354942159291497
3904_name_missing,3904,1941,NA,NA,府会事務局,assembly,1,2,0,0,0,0,36,0,0,0,1,0,0,0,0,0,0,0,0,0,0,0,0,3.6109179126442243
3906_name_missing,3906,1941,NA,NA,府会事務局,assembly,4,0,0,0,0,1,12,0,0,0,0,0,0,0,0,0,0,0,0,0,0,0,0,2.5649493574615367
3912_name_missing,3912,1941,NA,NA,府会事務局,assembly,2,1,0,0,1,6,18,0,0,0,0.14285714285714285,0,0,0,0,0,0,0,0,0,0,0,0,2.9444389791664403
4621_grp_2,4621,1941,幹部機械工養成所,2,府会事務局,assembly,1,20,0,1,1,2,37,1313,3,71,0.9090909090909091,1,1,1,4.276666119016055,1.3862943611198906,7.1808311990445555,71,3,1313,4.276666119016055,1.3862943611198906,7.1808311990445555,3.6375861597263857
4633_name_missing,4633,1941,NA,NA,府会事務局,assembly,2,0,0,0,0,4,37,0,0,0,0,0,0,0,0,0,0,0,0,0,0,0,0,3.6375861597263857
4683_name_missing,4683,1941,NA,NA,府会事務局,assembly,1,2,0,0,0,0,19,0,0,0,1,0,0,0,0,0,0,0,0,0,0,0,0,2.995732273553991
4684_grp_870,4684,1941,第二河川出張所,870,府会事務局,assembly,1,1,0,0,0,0,10,852,1,0,1,0,1,1,0,0.6931471805599453,6.748759547491679,0,1,852,0,0.6931471805599453,6.748759547491679,2.3978952727983707
4832_name_missing,4832,1944,NA,NA,経済局,economy,11,12,0,9,3,0,46,198,23,0,1,0,1,1,0,3.1780538303479458,5.293304824724492,0,2.090909090909091,18,0,1.128465251817791,2.9444389791664403,3.8501476017100584
4990_grp_160,4990,1941,荏原税務出張所,160,府会事務局,assembly,1,75,64,0,1,5,105,1384,3,21,0.9375,1,1,1,3.091042453358316,1.3862943611198906,7.233455418621439,21,3,1384,3.091042453358316,1.3862943611198906,7.233455418621439,4.663439094112067
5192_grp_256,5192,1941,調布飛行場建設事務所,256,府会事務局,assembly,4,0,0,0,0,0,16,0,0,0,NA,0,0,0,0,0,0,0,0,0,0,0,0,2.833213344056216
5578_grp_278,5578,1941,飯田橋税務出張所,278,府会事務局,assembly,2,0,0,0,0,2,32,1384,3,0,0,0,1,1,0,1.3862943611198906,7.233455418621439,0,1.5,692,0,0.9162907318741551,6.541029999189903,3.4965075614664802
5674_grp_218,5674,1941,調査課,218,府会事務局,assembly,1,1,0,0,1,1,39,0,0,1,0.5,1,0,0,0.6931471805599453,0,0,1,0,0,0.6931471805599453,0,0,3.6888794541139363
5711_grp_551,5711,1941,一分室,551,府会事務局,assembly,2,29,0,0,0,0,29,1384,3,0,1,0,1,1,0,1.3862943611198906,7.233455418621439,0,1.5,692,0,0.9162907318741551,6.541029999189903,3.4011973816621555
5762_name_missing,5762,1941,NA,NA,府会事務局,assembly,2,7,0,0,0,0,7,1384,3,0,1,0,1,1,0,1.3862943611198906,7.233455418621439,0,1.5,692,0,0.9162907318741551,6.541029999189903,2.0794415416798357
5852_grp_168,5852,1944,事務所,168,計画局,infrastructure,5,11,9,1,1,3,14,63,5,0,0.7857142857142857,0,1,1,0,1.791759469228055,4.1588830833596715,0,1,12.6,0,0.6931471805599453,2.6100697927420065,2.70805020110221
5865_grp_294,5865,1941,二西巣鴨診療所,294,府会事務局,assembly,1,3,0,0,0,1,15,1656,13,0,0.75,0,1,1,0,2.6390573296152584,7.4127640174265625,0,13,1656,0,2.6390573296152584,7.4127640174265625,2.772588722239781
5890_grp_450,5890,1944,交通局保線課,450,交通局,transport,7,12,0,11,1,0,21,0,0,0,1,0,0,0,0,0,0,0,0,0,0,0,0,3.091042453358316
5891_grp_1471,5891,1944,交通局保線課電気課,1471,交通局,transport,1,1,0,1,0,0,1,0,0,0,1,0,0,0,0,0,0,0,0,0,0,0,0,0.6931471805599453
5893_grp_4,5893,1944,交通局経理課,4,交通局,transport,24,57,34,19,2,0,166,346,138,19,1,1,1,1,2.995732273553991,4.9344739331306915,5.849324779946859,0.7916666666666666,5.75,14.416666666666666,0.5831462853456167,1.9095425048844386,2.7354491752903245,5.117993812416755
5894_grp_178,5894,1944,交通局経理課運輪課,178,交通局,transport,15,50,14,35,1,0,129,174,55,0,1,0,1,1,0,4.02535169073515,5.1647859739235145,0,3.6666666666666665,11.6,0,1.5404450409471488,2.533696813957432,4.867534450455582
5896_grp_895,5896,1944,交通局車輛課,895,交通局,transport,5,12,0,12,0,0,33,0,0,0,1,0,0,0,0,0,0,0,0,0,0,0,0,3.5263605246161616
5899_grp_878,5899,1944,交通局運輸課車輛課,878,交通局,transport,3,7,0,7,0,0,21,172,102,0,1,0,1,1,0,4.634728988229636,5.153291594497779,0,34,57.333333333333336,0,3.5553480614894135,4.0661736852554045,3.091042453358316
5900_grp_80,5900,1944,交通局電気課,80,交通局,transport,15,57,37,17,3,0,115,0,0,0,1,0,0,0,0,0,0,0,0,0,0,0,0,4.7535901911063645
5901_name_交通局電気課水道局庶務課,5901,1944,交通局電気課水道局庶務課,NA,交通局,transport,13,9,0,9,0,0,31,0,0,0,1,0,0,0,0,0,0,0,0,0,0,0,0,3.4657359027997265
5911_grp_471,5911,1941,京済運河建設事務所,471,府会事務局,assembly,2,24,0,0,0,0,36,1384,3,0,1,0,1,1,0,1.3862943611198906,7.233455418621439,0,1.5,692,0,0.9162907318741551,6.541029999189903,3.6109179126442243
5914_grp_464,5914,1941,人事課,464,府会事務局,assembly,1,27,0,0,0,0,28,1656,13,0,1,0,1,1,0,2.6390573296152584,7.4127640174265625,0,13,1656,0,2.6390573296152584,7.4127640174265625,3.367295829986474
6015_grp_39,6015,1944,公園緑地課,39,計画局,infrastructure,40,53,36,0,7,0,112,297,32,13,1,1,1,1,2.6390573296152584,3.4965075614664802,5.697093486505405,0.325,0.8,7.425,0.2814124594381855,0.5877866649021191,2.1312034762384253,4.727387818712341
6016_grp_1355,6016,1944,公園緑地課道路課,1355,計画局,infrastructure,1,0,0,0,0,0,2,247,27,0,NA,0,1,1,0,3.332204510175204,5.5134287461649825,0,27,247,0,3.332204510175204,5.5134287461649825,1.0986122886681098
6037_name_missing,6037,1941,NA,NA,府会事務局,assembly,2,12,0,0,0,0,17,0,0,0,1,0,0,0,0,0,0,0,0,0,0,0,0,2.8903717578961645
6089_grp_229,6089,1941,農林課,229,府会事務局,assembly,4,0,0,0,0,1,8,0,0,0,0,0,0,0,0,0,0,0,0,0,0,0,0,2.1972245773362196
6098_name_missing,6098,1941,NA,NA,府会事務局,assembly,1,29,0,0,1,0,32,1384,3,0,1,0,1,1,0,1.3862943611198906,7.233455418621439,0,3,1384,0,1.3862943611198906,7.233455418621439,3.4965075614664802
6122_grp_284,6122,1941,八王子職業紹介所,284,府会事務局,assembly,1,7,7,0,0,0,7,0,0,0,1,0,0,0,0,0,0,0,0,0,0,0,0,2.0794415416798357
6151_grp_1470,6151,1944,合〓山垣島山場,1470,経済局,economy,1,4,0,2,2,0,24,0,0,0,1,0,0,0,0,0,0,0,0,0,0,0,0,3.2188758248682006
6165_grp_283,6165,1941,吉野養魚場,283,府会事務局,assembly,7,0,0,0,0,2,21,1656,13,0,0,0,1,1,0,2.6390573296152584,7.4127640174265625,0,1.8571428571428572,236.57142857142858,0,1.0498221244986776,5.4704683301376145,3.091042453358316
6189_name_missing,6189,1941,NA,NA,府会事務局,assembly,1,26,0,0,0,0,31,0,0,0,1,0,0,0,0,0,0,0,0,0,0,0,0,3.4657359027997265
6197_grp_6,6197,1944,河川課,6,計画局,infrastructure,24,33,6,8,18,0,154,700,128,3,1,1,1,1,1.3862943611198906,4.859812404361672,6.55250788703459,0.125,5.333333333333333,29.166666666666668,0.11778303565638346,1.8458266904983307,3.4067375620377707,5.043425116919247
6212_grp_271,6212,1941,商務課,271,府会事務局,assembly,1,4,0,0,0,2,32,0,0,0,0.6666666666666666,0,0,0,0,0,0,0,0,0,0,0,0,3.4965075614664802
6215_grp_12,6215,1944,商工課,12,経済局,economy,33,33,15,1,16,42,154,215,10,0,0.44,0,1,1,0,2.3978952727983707,5.375278407684165,0,0.30303030303030304,6.515151515151516,0,0.26469255422708216,2.016921184698502,5.043425116919247
6265_grp_238,6265,1941,地方課,238,府会事務局,assembly,2,0,0,0,0,0,49,1384,3,0,NA,0,1,1,0,1.3862943611198906,7.233455418621439,0,1.5,692,0,0.9162907318741551,6.541029999189903,3.912023005428146
6283_grp_162,6283,1941,社会課,162,府会事務局,assembly,2,0,0,0,0,0,19,1656,13,4,NA,1,1,1,1.6094379124341003,2.6390573296152584,7.4127640174265625,2,6.5,828,1.0986122886681098,2.0149030205422647,6.720220155135295,2.995732273553991
6311_grp_274,6311,1941,大島分所,274,府会事務局,assembly,2,10,0,0,0,0,21,0,0,0,1,0,0,0,0,0,0,0,0,0,0,0,0,3.091042453358316
6365_name_missing,6365,1944,NA,NA,経済局,economy,5,19,0,0,19,0,32,215,10,0,1,0,1,1,0,2.3978952727983707,5.375278407684165,0,2,43,0,1.0986122886681098,3.784189633918261,3.4965075614664802
6488_name_missing,6488,1941,NA,NA,府会事務局,assembly,4,16,0,0,1,0,17,0,0,0,1,0,0,0,0,0,0,0,0,0,0,0,0,2.8903717578961645
6508_grp_514,6508,1944,工事課,514,港湾局,port,14,18,0,13,5,6,34,0,15,0,0.75,0,1,0,0,2.772588722239781,0,0,1.0714285714285714,0,0,0.7282385003712153,0,3.5553480614894135
6509_grp_241,6509,1941,工務課,241,府会事務局,assembly,1,5,0,0,1,0,22,0,0,8,1,1,0,0,2.1972245773362196,0,0,8,0,0,2.1972245773362196,0,0,3.1354942159291497
6551_grp_234,6551,1941,府立北多摩保健所,234,府会事務局,assembly,1,1,0,0,0,0,2,23,2,3,1,1,1,1,1.3862943611198906,1.0986122886681098,3.1780538303479458,3,2,23,1.3862943611198906,1.0986122886681098,3.1780538303479458,1.0986122886681098
6562_grp_275,6562,1941,府立機械工養成所,275,府会事務局,assembly,1,2,0,0,1,0,5,852,1,0,1,0,1,1,0,0.6931471805599453,6.748759547491679,0,1,852,0,0.6931471805599453,6.748759547491679,1.791759469228055
6563_name_missing,6563,1941,NA,NA,府会事務局,assembly,1,14,0,0,0,1,15,93,2,0,0.9333333333333333,0,1,1,0,1.0986122886681098,4.543294782270004,0,2,93,0,1.0986122886681098,4.543294782270004,2.772588722239781
6569_grp_439,6569,1941,北室,439,府会事務局,assembly,9,1,0,0,1,18,72,1384,3,0,0.05263157894736842,0,1,1,0,1.3862943611198906,7.233455418621439,0,0.3333333333333333,153.77777777777777,0,0.28768207245178085,5.041990396443587,4.290459441148391
6570_grp_279,6570,1941,佐室,279,府会事務局,assembly,1,0,0,0,0,0,7,1384,3,0,NA,0,1,1,0,1.3862943611198906,7.233455418621439,0,3,1384,0,1.3862943611198906,7.233455418621439,2.0794415416798357
6579_grp_279,6579,1941,佐室,279,府会事務局,assembly,12,31,0,0,2,5,77,1384,3,7,0.8611111111111112,1,1,1,2.0794415416798357,1.3862943611198906,7.233455418621439,0.5833333333333334,0.25,115.33333333333333,0.45953232937844024,0.22314355131420976,4.756459633534317,4.356708826689592
6582_grp_279,6582,1941,佐室,279,府会事務局,assembly,3,1,0,0,1,2,22,1384,3,0,0.3333333333333333,0,1,1,0,1.3862943611198906,7.233455418621439,0,1,461.3333333333333,0,0.6931471805599453,6.136286131646722,3.1354942159291497
6585_grp_279,6585,1941,佐室,279,府会事務局,assembly,5,29,0,0,0,0,29,1384,3,0,1,0,1,1,0,1.3862943611198906,7.233455418621439,0,0.6,276.8,0,0.47000362924573563,5.626901430320244,3.4011973816621555
6588_grp_311,6588,1941,府立西多摩保健所,311,府会事務局,assembly,1,5,0,0,1,0,13,23,2,5,1,1,1,1,1.791759469228055,1.0986122886681098,3.1780538303479458,5,2,23,1.791759469228055,1.0986122886681098,3.1780538303479458,2.6390573296152584
6589_grp_231,6589,1941,府立農事試験場,231,府会事務局,assembly,2,24,0,0,0,5,30,0,0,0,0.8275862068965517,0,0,0,0,0,0,0,0,0,0,0,0,3.4339872044851463
6591_grp_439,6591,1941,北室,439,府会事務局,assembly,1,9,0,0,0,4,14,0,0,0,0.6923076923076923,0,0,0,0,0,0,0,0,0,0,0,0,2.70805020110221
6592_name_missing,6592,1941,NA,NA,府会事務局,assembly,14,27,0,0,0,3,51,2236,4,0,0.9,0,1,1,0,1.6094379124341003,7.71289096149013,0,0.2857142857142857,159.71428571428572,0,0.251314428280906,5.079628165583207,3.9512437185814275
6597_grp_157,6597,1941,庶務課,157,府会事務局,assembly,4,31,30,0,0,0,40,1384,3,0,1,0,1,1,0,1.3862943611198906,7.233455418621439,0,0.75,346,0,0.5596157879354227,5.849324779946859,3.713572066704308
6597_grp_179,6597,1944,庶務課,179,教育局,education,6,9,0,2,7,24,42,0,0,0,0.2727272727272727,0,0,0,0,0,0,0,0,0,0,0,0,3.7612001156935624
6597_grp_2,6597,1944,庶務課,2,計画局,infrastructure,23,9,6,1,2,24,58,0,0,0,0.2727272727272727,0,0,0,0,0,0,0,0,0,0,0,0,4.07753744390572
6601_grp_800,6601,1944,庶務課都市計画課,800,計画局,infrastructure,10,1,0,1,0,0,23,37,3,0,1,0,1,1,0,1.3862943611198906,3.6375861597263857,0,0.3,3.7,0,0.26236426446749106,1.547562508716013,3.1780538303479458
6704_grp_128,6704,1944,教育第二課,128,教育局,education,7,8,6,1,1,0,35,0,0,0,1,0,0,0,0,0,0,0,0,0,0,0,0,3.58351893845611
6707_grp_228,6707,1941,整地課,228,府会事務局,assembly,2,2,0,0,0,1,37,0,0,0,0.6666666666666666,0,0,0,0,0,0,0,0,0,0,0,0,3.6375861597263857
6765_grp_239,6765,1941,会計課,239,府会事務局,assembly,3,0,0,0,0,1,101,1384,3,0,0,0,1,1,0,1.3862943611198906,7.233455418621439,0,1,461.3333333333333,0,0.6931471805599453,6.136286131646722,4.624972813284271
6791_name_missing,6791,1941,NA,NA,府会事務局,assembly,1,0,0,0,0,0,18,2,0,0,NA,0,0,1,0,0,1.0986122886681098,0,0,2,0,0,1.0986122886681098,2.9444389791664403
6809_grp_244,6809,1941,杉並分所,244,府会事務局,assembly,2,1,0,0,0,0,18,0,0,0,1,0,0,0,0,0,0,0,0,0,0,0,0,2.9444389791664403
6821_grp_154,6821,1941,東京労働紹介所,154,府会事務局,assembly,5,19,18,0,1,7,79,1679,15,19,0.7307692307692307,1,1,1,2.995732273553991,2.772588722239781,7.426549072397305,3.8,3,335.8,1.5686159179138452,1.3862943611198906,5.819489282368171,4.382026634673881
6826_name_missing,6826,1941,NA,NA,府会事務局,assembly,4,0,0,0,0,2,47,0,0,0,0,0,0,0,0,0,0,0,0,0,0,0,0,3.871201010907891
6829_name_missing,6829,1941,NA,NA,府会事務局,assembly,1,0,0,0,0,0,20,0,0,0,NA,0,0,0,0,0,0,0,0,0,0,0,0,3.044522437723423
6833_name_missing,6833,1941,NA,NA,府会事務局,assembly,8,17,0,0,0,0,24,1384,3,0,1,0,1,1,0,1.3862943611198906,7.233455418621439,0,0.375,173,0,0.3184537311185346,5.159055299214529,3.2188758248682006
6835_name_missing,6835,1941,NA,NA,府会事務局,assembly,5,24,0,0,1,0,32,1384,3,0,1,0,1,1,0,1.3862943611198906,7.233455418621439,0,0.6,276.8,0,0.47000362924573563,5.626901430320244,3.4965075614664802
6842_name_missing,6842,1941,NA,NA,府会事務局,assembly,7,1,0,0,0,5,38,0,0,0,0.16666666666666666,0,0,0,0,0,0,0,0,0,0,0,0,3.6635616461296463
6850_grp_78,6850,1941,東京職業紹介所,78,府会事務局,assembly,8,68,59,0,5,29,308,0,0,37,0.7010309278350515,1,0,0,3.6375861597263857,0,0,4.625,0,0,1.7272209480904839,0,0,5.733341276897746
6881_grp_679,6881,1944,林務課,679,経済局,economy,1,1,0,0,0,0,11,0,0,0,1,0,0,0,0,0,0,0,0,0,0,0,0,2.4849066497880004
6882_grp_717,6882,1944,林務課食料課,717,経済局,economy,3,1,0,0,1,0,21,0,0,0,1,0,0,0,0,0,0,0,0,0,0,0,0,3.091042453358316
6910_name_missing,6910,1941,NA,NA,府会事務局,assembly,1,0,0,0,0,1,26,1384,3,0,0,0,1,1,0,1.3862943611198906,7.233455418621439,0,3,1384,0,1.3862943611198906,7.233455418621439,3.295836866004329
6925_grp_282,6925,1941,橋梁課,282,府会事務局,assembly,3,0,0,0,0,0,19,0,0,0,NA,0,0,0,0,0,0,0,0,0,0,0,0,2.995732273553991
6955_grp_446,6955,1944,水道局下水課,446,水道局,water,33,17,0,14,3,0,70,0,0,0,1,0,0,0,0,0,0,0,0,0,0,0,0,4.2626798770413155
6959_grp_132,6959,1944,水道局工事課,132,水道局,water,43,40,4,31,3,0,78,215,49,0,1,0,1,1,0,3.912023005428146,5.375278407684165,0,1.1395348837209303,5,0,0.760588461355478,1.791759469228055,4.3694478524670215
6960_grp_61,6960,1944,水道局庶務課,61,水道局,water,2,3,0,0,3,9,17,215,49,0,0.25,0,1,1,0,3.912023005428146,5.375278407684165,0,24.5,107.5,0,3.2386784521643803,4.686750172980514,2.8903717578961645
6961_grp_452,6961,1944,水道局庶務課業務課,452,水道局,water,5,17,0,15,2,0,31,0,0,0,1,0,0,0,0,0,0,0,0,0,0,0,0,3.4657359027997265
6963_grp_754,6963,1944,水道局業務課,754,水道局,water,5,14,0,12,2,0,27,0,0,0,1,0,0,0,0,0,0,0,0,0,0,0,0,3.332204510175204
6964_grp_907,6964,1944,水道局業務課給水課,907,水道局,water,5,2,0,1,1,0,13,0,0,0,1,0,0,0,0,0,0,0,0,0,0,0,0,2.6390573296152584
7000_grp_6,7000,1944,河川課,6,計画局,infrastructure,6,2,1,1,0,7,11,247,27,0,0.2222222222222222,0,1,1,0,3.332204510175204,5.5134287461649825,0,4.5,41.166666666666664,0,1.7047480922384253,3.7416300194994654,2.4849066497880004
7060_grp_2,7060,1944,庶務課,2,計画局,infrastructure,11,6,6,0,0,0,30,0,0,0,1,0,0,0,0,0,0,0,0,0,0,0,0,3.4339872044851463
7069_grp_14,7069,1944,港湾局工事課,14,港湾局,port,54,33,29,0,4,0,104,0,0,0,1,0,0,0,0,0,0,0,0,0,0,0,0,4.653960350157523
7110_grp_246,7110,1941,営繕課,246,府会事務局,assembly,3,0,0,0,0,3,70,1384,3,0,0,0,1,1,0,1.3862943611198906,7.233455418621439,0,1,461.3333333333333,0,0.6931471805599453,6.136286131646722,4.2626798770413155
7142_grp_230,7142,1941,産業組合課,230,府会事務局,assembly,2,4,0,0,0,1,34,0,0,0,0.8,0,0,0,0,0,0,0,0,0,0,0,0,3.5553480614894135
7230_grp_162,7230,1941,社会課,162,府会事務局,assembly,2,27,25,0,0,2,79,0,0,21,0.9310344827586207,1,0,0,3.091042453358316,0,0,10.5,0,0,2.4423470353692043,0,0,4.382026634673881
7244_name_missing,7244,1941,NA,NA,府会事務局,assembly,4,16,0,0,0,0,27,1384,3,0,1,0,1,1,0,1.3862943611198906,7.233455418621439,0,0.75,346,0,0.5596157879354227,5.849324779946859,3.332204510175204
7281_name_missing,7281,1941,NA,NA,府会事務局,assembly,1,1,0,0,0,0,4,1384,3,0,1,0,1,1,0,1.3862943611198906,7.233455418621439,0,3,1384,0,1.3862943611198906,7.233455418621439,1.6094379124341003
7286_grp_155,7286,1941,第一道路出張所,155,府会事務局,assembly,10,13,0,0,0,10,64,0,0,18,0.5652173913043478,1,0,0,2.9444389791664403,0,0,1.8,0,0,1.0296194171811581,0,0,4.174387269895637
7298_name_missing,7298,1941,NA,NA,府会事務局,assembly,2,1,0,0,0,3,19,1384,3,0,0.25,0,1,1,0,1.3862943611198906,7.233455418621439,0,1.5,692,0,0.9162907318741551,6.541029999189903,2.995732273553991
7299_grp_119,7299,1941,第三河川出張所,119,府会事務局,assembly,9,16,14,0,1,1,33,23,2,13,0.9411764705882353,1,1,1,2.6390573296152584,1.0986122886681098,3.1780538303479458,1.4444444444444444,0.2222222222222222,2.5555555555555554,0.8938178760220965,0.20067069546215124,1.2685113254635072,3.5263605246161616
7303_grp_276,7303,1941,第三道路出張所,276,府会事務局,assembly,2,41,40,0,1,0,47,852,1,39,1,1,1,1,3.6888794541139363,0.6931471805599453,6.748759547491679,19.5,0.5,426,3.0204248861443626,0.4054651081081644,6.056784013228625,3.871201010907891
7349_grp_225,7349,1941,第四道路出張所,225,府会事務局,assembly,5,0,0,0,0,1,17,0,0,1,0,1,0,0,0.6931471805599453,0,0,0.2,0,0,0.1823215567939546,0,0,2.8903717578961645
7405_grp_215,7405,1941,経理課,215,府会事務局,assembly,1,28,27,0,0,0,39,0,0,0,1,0,0,0,0,0,0,0,0,0,0,0,0,3.6888794541139363
7450_grp_240,7450,1941,職業課,240,府会事務局,assembly,1,1,0,0,0,4,65,1656,13,0,0.2,0,1,1,0,2.6390573296152584,7.4127640174265625,0,13,1656,0,2.6390573296152584,7.4127640174265625,4.189654742026425
7452_grp_2,7452,1941,幹部機械工養成所,2,府会事務局,assembly,3,17,0,0,0,0,19,0,0,0,1,0,0,0,0,0,0,0,0,0,0,0,0,2.995732273553991
7506_name_missing,7506,1941,NA,NA,府会事務局,assembly,1,46,0,3,43,90,217,827,1,0,0.3382352941176471,0,1,1,0,0.6931471805599453,6.71901315438526,0,1,827,0,0.6931471805599453,6.71901315438526,5.384495062789089
7528_grp_133,7528,1944,教育第一課,133,教育局,education,1,12,0,11,1,0,20,237,36,1,1,1,1,1,0.6931471805599453,3.6109179126442243,5.472270673671475,1,36,237,0.6931471805599453,3.6109179126442243,5.472270673671475,3.044522437723423
7535_grp_247,7535,1941,虎ノ門税務出張所,247,府会事務局,assembly,2,18,17,0,0,0,19,1384,3,0,1,0,1,1,0,1.3862943611198906,7.233455418621439,0,1.5,692,0,0.9162907318741551,6.541029999189903,2.995732273553991
7564_grp_12,7564,1944,商工課,12,経済局,economy,6,4,3,0,1,6,13,215,10,0,0.4,0,1,1,0,2.3978952727983707,5.375278407684165,0,1.6666666666666667,35.833333333333336,0,0.9808292530117263,3.606403232289698,2.6390573296152584
7566_grp_905,7566,1944,西部田田課,905,水道局,water,6,18,0,14,4,0,35,0,0,0,1,0,0,0,0,0,0,0,0,0,0,0,0,3.58351893845611
7576_grp_24,7576,1944,企画課,24,計画局,infrastructure,43,55,38,3,11,0,108,406,54,43,1,1,1,1,3.784189633918261,4.007333185232471,6.008813185442595,1,1.255813953488372,9.44186046511628,0.6931471805599453,0.8135108628098204,2.345822772048692,4.6913478822291435
7643_grp_272,7643,1941,資材統制課,272,府会事務局,assembly,3,16,16,0,0,1,27,0,0,4,0.9411764705882353,1,0,0,1.6094379124341003,0,0,1.3333333333333333,0,0,0.8472978603872034,0,0,3.332204510175204
7644_name_資材課計画局庶務課,7644,1944,資材課計画局庶務課,NA,経済局,economy,2,1,0,0,1,0,10,0,0,0,1,0,0,0,0,0,0,0,0,0,0,0,0,2.3978952727983707
7673_grp_159,7673,1941,軍事援護課,159,府会事務局,assembly,1,17,15,0,0,0,88,0,0,0,1,0,0,0,0,0,0,0,0,0,0,0,0,4.48863636973214
7677_grp_46,7677,1944,農務課,46,経済局,economy,3,2,2,0,0,0,30,0,0,0,1,0,0,0,0,0,0,0,0,0,0,0,0,3.4339872044851463
7680_grp_229,7680,1941,農林課,229,府会事務局,assembly,9,22,0,0,1,11,291,852,1,0,0.6666666666666666,0,1,1,0,0.6931471805599453,6.748759547491679,0,0.1111111111111111,94.66666666666667,0,0.10536051565782635,4.560869927091511,5.676753802268282
7686_grp_543,7686,1941,込王子職業紹介所,543,府会事務局,assembly,2,31,0,0,0,0,38,1384,3,0,1,0,1,1,0,1.3862943611198906,7.233455418621439,0,1.5,692,0,0.9162907318741551,6.541029999189903,3.6635616461296463
7697_grp_280,7697,1941,道路課,280,府会事務局,assembly,1,0,0,0,0,2,31,0,0,0,0,0,0,0,0,0,0,0,0,0,0,0,0,3.4657359027997265
7697_grp_5,7697,1944,道路課,5,計画局,infrastructure,109,76,61,7,8,56,192,449,54,0,0.5757575757575758,0,1,1,0,4.007333185232471,6.1092475827643655,0,0.4954128440366973,4.1192660550458715,0,0.4024023185776187,1.6330110801521673,5.262690188904886
7715_grp_47,7715,1944,都市計画課,47,計画局,infrastructure,8,9,8,0,1,11,24,37,3,0,0.45,0,1,1,0,1.3862943611198906,3.6375861597263857,0,0.375,4.625,0,0.3184537311185346,1.7272209480904839,3.2188758248682006
7732_grp_2,7732,1941,幹部機械工養成所,2,府会事務局,assembly,1,44,0,0,1,7,67,852,1,0,0.8627450980392157,0,1,1,0,0.6931471805599453,6.748759547491679,0,1,852,0,0.6931471805599453,6.748759547491679,4.219507705176107
7789_grp_754,7789,1944,水道局業務課,754,水道局,water,1,3,0,3,0,5,8,0,0,0,0.375,0,0,0,0,0,0,0,0,0,0,0,0,2.1972245773362196
7845_grp_2,7845,1941,幹部機械工養成所,2,府会事務局,assembly,1,2,0,0,0,8,95,852,1,0,0.2,0,1,1,0,0.6931471805599453,6.748759547491679,0,1,852,0,0.6931471805599453,6.748759547491679,4.564348191467836
7859_grp_180,7859,1944,食料課,180,経済局,economy,3,4,0,1,3,0,29,215,7,3,1,1,1,1,1.3862943611198906,2.0794415416798357,5.375278407684165,1,2.3333333333333335,71.66666666666667,0.6931471805599453,1.2039728043259361,4.28588277412098,3.4011973816621555
8219_grp_80,8219,1944,交通局電気課,80,交通局,transport,8,20,18,0,2,18,39,0,0,0,0.5263157894736842,0,0,0,0,0,0,0,0,0,0,0,0,3.6888794541139363
8235_grp_279,8235,1941,佐室,279,府会事務局,assembly,3,13,0,0,0,3,24,1384,3,0,0.8125,0,1,1,0,1.3862943611198906,7.233455418621439,0,1,461.3333333333333,0,0.6931471805599453,6.136286131646722,3.2188758248682006
8243_grp_119,8243,1941,第三河川出張所,119,府会事務局,assembly,5,1,0,0,0,1,18,0,0,3,0.5,1,0,0,1.3862943611198906,0,0,0.6,0,0,0.47000362924573563,0,0,2.9444389791664403
8307_grp_439,8307,1941,北室,439,府会事務局,assembly,1,13,0,0,0,0,13,1384,3,0,1,0,1,1,0,1.3862943611198906,7.233455418621439,0,3,1384,0,1.3862943611198906,7.233455418621439,2.6390573296152584
8358_grp_2,8358,1944,庶務課,2,計画局,infrastructure,15,4,2,0,1,19,26,0,0,0,0.17391304347826086,0,0,0,0,0,0,0,0,0,0,0,0,3.295836866004329
8358_grp_825,8358,1944,教習所,825,交通局,transport,1,2,0,2,0,2,5,0,0,0,0.5,0,0,0,0,0,0,0,0,0,0,0,0,1.791759469228055
8370_grp_221,8370,1941,城所,221,府会事務局,assembly,1,94,67,0,2,24,322,0,0,18,0.7966101694915254,1,0,0,2.9444389791664403,0,0,18,0,0,2.9444389791664403,0,0,5.777652323222656
8372_grp_243,8372,1941,上野税務出張所,243,府会事務局,assembly,9,6,0,0,0,2,34,1384,3,2,0.75,1,1,1,1.0986122886681098,1.3862943611198906,7.233455418621439,0.2222222222222222,0.3333333333333333,153.77777777777777,0.20067069546215124,0.28768207245178085,5.041990396443587,3.5553480614894135
8429_grp_253,8429,1941,小室,253,府会事務局,assembly,2,3,0,0,0,1,25,0,0,0,0.75,0,0,0,0,0,0,0,0,0,0,0,0,3.258096538021482
8529_name_missing,8529,1944,NA,NA,計画局,infrastructure,3,4,0,3,1,0,9,0,0,0,1,0,0,0,0,0,0,0,0,0,0,0,0,2.302585092994046
8534_grp_594,8534,1944,戸所,594,交通局,transport,2,11,0,9,2,9,30,0,0,0,0.55,0,0,0,0,0,0,0,0,0,0,0,0,3.4339872044851463
8669_name_missing,8669,1944,NA,NA,水道局,water,5,3,0,3,0,9,12,0,0,0,0.25,0,0,0,0,0,0,0,0,0,0,0,0,2.5649493574615367
8713_name_missing,8713,1941,NA,NA,府会事務局,assembly,9,21,0,0,12,13,70,0,0,0,0.6176470588235294,0,0,0,0,0,0,0,0,0,0,0,0,4.2626798770413155
8713_name_missing,8713,1944,NA,NA,計画局,infrastructure,3,4,0,2,2,6,11,0,0,0,0.4,0,0,0,0,0,0,0,0,0,0,0,0,2.4849066497880004
8750_grp_223,8750,1941,田場,223,府会事務局,assembly,5,24,16,0,2,11,67,1384,3,22,0.6857142857142857,1,1,1,3.1354942159291497,1.3862943611198906,7.233455418621439,4.4,0.6,276.8,1.6863989535702288,0.47000362924573563,5.626901430320244,4.219507705176107
8910_grp_680,8910,1944,西室,680,交通局,transport,2,5,0,5,0,0,11,0,0,0,1,0,0,0,0,0,0,0,0,0,0,0,0,2.4849066497880004
8994_name_missing,8994,1941,NA,NA,府会事務局,assembly,11,135,0,58,30,127,452,871,3,0,0.5152671755725191,0,1,1,0,1.3862943611198906,6.77078942390898,0,0.2727272727272727,79.18181818181819,0,0.24116205681688804,4.384296783208421,6.115892125483034
8994_name_missing,8994,1944,NA,NA,経済局,economy,17,59,0,11,14,74,200,0,0,0,0.44360902255639095,0,0,0,0,0,0,0,0,0,0,0,0,5.303304908059076
8994_name_missing,8994,1944,NA,NA,計画局,infrastructure,4,0,0,0,0,0,200,0,0,0,NA,0,0,0,0,0,0,0,0,0,0,0,0,5.303304908059076
9031_name_missing,9031,1941,NA,NA,府会事務局,assembly,3,0,0,0,0,4,20,0,0,0,0,0,0,0,0,0,0,0,0,0,0,0,0,3.044522437723423
