section_id_filled,office_id,year_num,ka,ka_group_filled,norm_kyoku_filled,kyoku_group_filled,n_drafted_male,transfers_in,new_hires,n_workers,slack_different_department,slack_same_department,slack_same_section,transfer_share,any_slack_same_section,log_slack_same_section,log_slack_same_department,log_slack_different_department,log_section_size
1098_name_三河島診療所,1098,1944,三河島診療所,NA,民生局,welfare,1,1,2,8,0,0,0,0.3333333333333333,0,0,0,0,2.1972245773362196
1102_name_下谷児童健康指導所,1102,1944,下谷児童健康指導所,NA,民生局,welfare,2,4,0,11,0,0,0,1,0,0,0,0,2.4849066497880004
1146_grp_181,1146,1944,経理課,181,交通局,transport,2,14,0,27,0,0,0,1,0,0,0,0,3.332204510175204
1153_grp_740,1153,1944,防火改修課,740,計晝局,NA,9,21,0,34,0,0,0,1,0,0,0,0,3.5553480614894135
1172_name_人事課,1172,1944,人事課,NA,長官官房,finance_admin,1,2,0,2,0,0,0,1,0,0,0,0,1.0986122886681098
1180_grp_12,1180,1944,商工課,12,経済局,economy,6,1,0,30,205,10,0,1,0,0,2.3978952727983707,5.327876168789581,3.4339872044851463
1182_grp_24,1182,1944,企画課,24,計晝局,NA,9,21,0,48,0,0,30,1,1,3.4339872044851463,0,0,3.8918202981106265
1188_name_missing,1188,1944,NA,NA,民生局,welfare,19,28,0,53,67,1,0,1,0,0,0.6931471805599453,4.219507705176107,3.9889840465642745
1189_name_missing,1189,1944,NA,NA,民生局,welfare,1,10,0,12,0,0,0,1,0,0,0,0,2.5649493574615367
1198_name_王子小児保健所,1198,1944,王子小児保健所,NA,民生局,welfare,1,13,0,38,0,0,0,1,0,0,0,0,3.6635616461296463
1215_name_共同住宅管理事務所,1215,1944,共同住宅管理事務所,NA,民生局,welfare,1,1,0,5,0,0,0,1,0,0,0,0,1.791759469228055
1231_name_missing,1231,1944,NA,NA,交通局,transport,12,28,0,62,0,0,0,1,0,0,0,0,4.143134726391533
1237_grp_1426,1237,1944,化学工業指導所,1426,経済局,economy,6,2,0,9,205,10,0,1,0,0,2.3978952727983707,5.327876168789581,2.302585092994046
1238_grp_846,1238,1944,資材課,846,経済局,economy,2,1,0,10,205,10,0,1,0,0,2.3978952727983707,5.327876168789581,2.3978952727983707
1277_name_厚生課,1277,1944,厚生課,NA,民生局,welfare,1,15,0,43,0,0,0,1,0,0,0,0,3.784189633918261
1306_grp_1322,1306,1944,品川機械工業指導所,1322,経済局,economy,7,5,0,17,0,0,0,1,0,0,0,0,2.8903717578961645
1393_grp_133,1393,1944,教育第一課,133,教育局,education,8,9,0,19,399,83,1,1,1,0.6931471805599453,4.430816798843313,5.991464547107982,2.995732273553991
1401_name_missing,1401,1944,NA,NA,教育局,education,1,6,0,25,0,0,0,1,0,0,0,0,3.258096538021482
1415_name_小石川児童健康指導所,1415,1944,小石川児童健康指導所,NA,民生局,welfare,1,2,0,5,0,0,0,1,0,0,0,0,1.791759469228055
1423_grp_564,1423,1944,尾久派出所,564,交通局,transport,3,5,0,5,0,0,0,1,0,0,0,0,1.791759469228055
1425_grp_679,1425,1944,林務課,679,経済局,economy,3,0,0,12,197,23,0,NA,0,0,3.1780538303479458,5.288267030694535,2.5649493574615367
1432_grp_14,1432,1944,港湾局工事課,14,港湾局,port,10,17,2,20,0,15,0,0.8947368421052632,0,0,2.772588722239781,0,3.044522437723423
1432_grp_6,1432,1944,河川課,6,計晝局,NA,4,7,0,9,0,0,3,1,1,1.3862943611198906,0,0,2.302585092994046
1432_grp_905,1432,1944,西部田田課,905,水道局,water,3,22,6,37,0,0,0,0.7857142857142857,0,0,0,0,3.6375861597263857
1448_grp_10,1448,1944,営繕課,10,計晝局,NA,12,13,16,40,0,0,7,0.4482758620689655,1,2.0794415416798357,0,0,3.713572066704308
1448_grp_598,1448,1944,下水課,598,水道局,water,1,9,10,24,0,0,0,0.47368421052631576,0,0,0,0,3.2188758248682006
1448_grp_753,1448,1944,庶務課,753,水道局,water,2,18,6,25,402,48,0,0.75,0,0,3.8918202981106265,5.998936561946683,3.258096538021482
1448_name_清掃課,1448,1944,清掃課,NA,民生局,welfare,2,14,3,21,0,0,0,0.8235294117647058,0,0,0,0,3.091042453358316
1448_name_監理課,1448,1944,監理課,NA,民生局,welfare,3,10,5,22,0,0,0,0.6666666666666666,0,0,0,0,3.1354942159291497
1476_grp_740,1476,1944,防火改修課,740,計晝局,NA,18,22,6,39,0,0,0,0.7857142857142857,0,0,0,0,3.6888794541139363
1476_name_missing,1476,1944,NA,NA,計晝局,NA,26,7,102,132,0,0,0,0.06422018348623854,0,0,0,0,4.890349128221754
1489_grp_179,1489,1944,庶務課,179,教育局,education,6,13,0,41,220,37,0,1,0,0,3.6375861597263857,5.3981627015177525,3.7376696182833684
1492_grp_825,1492,1944,教習所,825,交通局,transport,7,8,0,15,0,0,0,1,0,0,0,0,2.772588722239781
1514_name_文書課,1514,1944,文書課,NA,長官官房,finance_admin,1,8,0,15,0,0,0,1,0,0,0,0,2.772588722239781
1529_grp_24,1529,1944,企画課,24,計晝局,NA,27,35,0,71,0,0,0,1,0,0,0,0,4.276666119016055
1530_grp_24,1530,1944,企画課,24,計晝局,NA,3,14,0,26,0,0,0,1,0,0,0,0,3.295836866004329
1532_name_日暮里健康相談所,1532,1944,日暮里健康相談所,NA,民生局,welfare,2,1,0,6,5,0,0,1,0,0,0,1.791759469228055,1.9459101490553132
1539_name_日本橋小児保健所,1539,1944,日本橋小児保健所,NA,民生局,welfare,1,2,0,8,0,0,0,1,0,0,0,0,2.1972245773362196
1548_name_missing,1548,1944,NA,NA,長官官房,finance_admin,3,10,0,14,10,0,0,1,0,0,0,2.3978952727983707,2.70805020110221
1552_grp_4,1552,1944,交通局経理課,4,交通局,transport,1,12,0,21,171,50,5,1,1,1.791759469228055,3.9318256327243257,5.147494476813453,3.091042453358316
1552_grp_455,1552,1944,経理課,455,港湾局,port,8,10,0,19,0,0,0,1,0,0,0,0,2.995732273553991
1552_grp_61,1552,1944,水道局庶務課,61,水道局,water,13,17,0,48,0,0,0,1,0,0,0,0,3.8918202981106265
1557_grp_679,1557,1944,林務課,679,経済局,economy,1,4,0,22,0,0,0,1,0,0,0,0,3.1354942159291497
1564_grp_1243,1564,1944,本所機械工業指導所,1243,経済局,economy,1,1,0,7,0,0,0,1,0,0,0,0,2.0794415416798357
1572_name_本郷健康相談所,1572,1944,本郷健康相談所,NA,民生局,welfare,1,2,0,9,0,0,0,1,0,0,0,0,2.302585092994046
1588_name_東京都本所防疫所,1588,1944,東京都本所防疫所,NA,民生局,welfare,2,6,0,6,5,0,0,1,0,0,0,1.791759469228055,1.9459101490553132
1595_name_東京都荏原防疫所,1595,1944,東京都荏原防疫所,NA,民生局,welfare,1,5,0,8,0,0,0,1,0,0,0,0,2.1972245773362196
1621_grp_715,1621,1944,林産物検査所大島支所,715,経済局,economy,3,2,0,15,0,0,0,1,0,0,0,0,2.772588722239781
1622_grp_781,1622,1944,林産物検査所深川支所,781,経済局,economy,2,4,0,32,0,0,0,1,0,0,0,0,3.4965075614664802
1629_grp_1038,1629,1944,運輸課,1038,交通局,transport,4,9,0,9,171,55,0,1,0,0,4.02535169073515,5.147494476813453,2.302585092994046
1684_grp_131,1684,1944,淀橋出張所,131,水道局,water,1,4,3,12,0,0,0,0.5714285714285714,0,0,0,0,2.5649493574615367
1691_name_深川児童健康指導所,1691,1944,深川児童健康指導所,NA,民生局,welfare,2,4,0,11,0,0,0,1,0,0,0,0,2.4849066497880004
1692_grp_1045,1692,1944,深川出張所,1045,交通局,transport,2,8,0,10,0,0,0,1,0,0,0,0,2.3978952727983707
1701_grp_691,1701,1944,浅草出張所,691,交通局,transport,3,3,0,9,0,0,0,1,0,0,0,0,2.302585092994046
1748_name_熱海第二健民修錬所,1748,1944,熱海第二健民修錬所,NA,民生局,welfare,38,34,0,128,226,31,0,1,0,0,3.4657359027997265,5.424950017481403,4.859812404361672
1750_grp_10,1750,1944,営繕課,10,計晝局,NA,23,41,0,126,0,0,5,1,1,1.791759469228055,0,0,4.844187086458591
1751_grp_10,1751,1944,営繕課,10,計晝局,NA,20,17,0,56,0,0,7,1,1,2.0794415416798357,0,0,4.04305126783455
1759_grp_1470,1759,1944,合〓山垣島山場,1470,経済局,economy,2,4,0,29,0,0,0,1,0,0,0,0,3.4011973816621555
1774_name_王子小児保健所,1774,1944,王子小児保健所,NA,民生局,welfare,1,1,0,1,226,31,0,1,0,0,3.4657359027997265,5.424950017481403,0.6931471805599453
1781_name_missing,1781,1944,NA,NA,経済局,economy,3,12,0,28,0,0,0,1,0,0,0,0,3.367295829986474
1789_grp_61,1789,1944,水道局庶務課,61,水道局,water,1,4,0,14,0,0,0,1,0,0,0,0,2.70805020110221
1790_grp_24,1790,1944,企画課,24,計晝局,NA,2,38,0,64,0,0,30,1,1,3.4339872044851463,0,0,4.174387269895637
1793_name_振興課,1793,1944,振興課,NA,民生局,welfare,11,18,0,54,200,26,0,1,0,0,3.295836866004329,5.303304908059076,4.007333185232471
1797_grp_46,1797,1944,農務課,46,経済局,economy,14,8,0,62,205,7,3,1,1,1.3862943611198906,2.0794415416798357,5.327876168789581,4.143134726391533
1800_name_白山診療所,1800,1944,白山診療所,NA,民生局,welfare,1,7,0,16,0,0,0,1,0,0,0,0,2.833213344056216
1801_name_防疫課,1801,1944,防疫課,NA,民生局,welfare,2,4,0,14,226,31,0,1,0,0,3.4657359027997265,5.424950017481403,2.70805020110221
1804_name_missing,1804,1944,NA,NA,計晝局,NA,7,3,0,28,0,0,0,1,0,0,0,0,3.367295829986474
1813_grp_491,1813,1944,保線課,491,交通局,transport,8,12,0,20,0,0,0,1,0,0,0,0,3.044522437723423
1834_grp_179,1834,1944,庶務課,179,教育局,education,2,9,0,20,0,0,0,1,0,0,0,0,3.044522437723423
1841_name_神田児童健康指導所,1841,1944,神田児童健康指導所,NA,民生局,welfare,2,1,0,4,14,28,0,1,0,0,3.367295829986474,2.70805020110221,1.6094379124341003
1848_name_missing,1848,1944,NA,NA,長官官房,finance_admin,14,21,5,30,0,0,0,0.8076923076923077,0,0,0,0,3.4339872044851463
1851_name_人事課,1851,1944,人事課,NA,長官官房,finance_admin,3,9,0,31,257,0,0,1,0,0,0,5.552959584921617,3.4657359027997265
1859_name_立川健康相談所,1859,1944,立川健康相談所,NA,民生局,welfare,1,3,0,11,5,0,0,1,0,0,0,1.791759469228055,2.4849066497880004
1865_grp_1316,1865,1944,第一出張所,1316,水道局,water,2,8,0,14,0,0,0,1,0,0,0,0,2.70805020110221
1865_grp_565,1865,1944,第一出張所,565,計晝局,NA,1,4,0,6,0,0,0,1,0,0,0,0,1.9459101490553132
1873_grp_589,1873,1944,第七出張所,589,計晝局,NA,3,17,0,20,0,0,0,1,0,0,0,0,3.044522437723423
1874_grp_590,1874,1944,第三出張所,590,水道局,water,2,1,0,3,0,0,0,1,0,0,0,0,1.3862943611198906
1877_grp_577,1877,1944,第二出張所,577,水道局,water,2,10,0,17,0,0,0,1,0,0,0,0,2.8903717578961645
1891_grp_1325,1891,1944,第四出張所,1325,計晝局,NA,4,7,0,11,0,0,0,1,0,0,0,0,2.4849066497880004
1891_grp_530,1891,1944,第四出張所,530,水道局,water,13,12,0,27,0,0,0,1,0,0,0,0,3.332204510175204
1895_grp_1139,1895,1944,給水課,1139,水道局,water,9,12,0,39,0,0,0,1,0,0,0,0,3.6888794541139363
1895_grp_455,1895,1944,経理課,455,港湾局,port,4,8,0,13,0,0,0,1,0,0,0,0,2.6390573296152584
1895_grp_5,1895,1944,道路課,5,計晝局,NA,3,16,0,38,0,0,0,1,0,0,0,0,3.6635616461296463
1895_grp_6,1895,1944,河川課,6,計晝局,NA,6,5,0,19,0,0,0,1,0,0,0,0,2.995732273553991
1903_grp_180,1903,1944,食料課,180,経済局,economy,1,5,0,26,0,0,0,1,0,0,0,0,3.295836866004329
1905_grp_754,1905,1944,水道局業務課,754,水道局,water,7,13,0,30,0,0,0,1,0,0,0,0,3.4339872044851463
1908_name_文書課,1908,1944,文書課,NA,長官官房,finance_admin,2,8,0,23,0,0,0,1,0,0,0,0,3.1780538303479458
1935_grp_846,1935,1944,資材課,846,経済局,economy,3,1,0,10,205,10,0,1,0,0,2.3978952727983707,5.327876168789581,2.3978952727983707
1938_name_考査課,1938,1944,考査課,NA,長官官房,finance_admin,6,11,0,21,226,0,0,1,0,0,0,5.424950017481403,3.091042453358316
1939_name_考査課,1939,1944,考査課,NA,長官官房,finance_admin,2,15,0,24,0,0,0,1,0,0,0,0,3.2188758248682006
1944_grp_133,1944,1944,教育第一課,133,教育局,education,5,6,0,26,0,0,0,1,0,0,0,0,3.295836866004329
1962_grp_1356,1962,1944,交通局軍輛課保繰課,1356,交通局,transport,2,8,0,15,0,0,0,1,0,0,0,0,2.772588722239781
1963_grp_134,1963,1944,交通局運輸課,134,交通局,transport,8,15,0,31,162,91,4,1,1,1.6094379124341003,4.5217885770490405,5.093750200806762,3.4657359027997265
1973_grp_1390,1973,1944,芝浦出張所,1390,交通局,transport,3,3,2,5,162,95,0,0.6,0,0,4.564348191467836,5.093750200806762,1.791759469228055
1985_name_荏原診療所,1985,1944,荏原診療所,NA,民生局,welfare,2,2,1,8,3,7,0,0.6666666666666666,0,0,2.0794415416798357,1.3862943611198906,2.1972245773362196
2001_name_葛飾児童健康指導所,2001,1944,葛飾児童健康指導所,NA,民生局,welfare,1,10,0,23,0,0,0,1,0,0,0,0,3.1780538303479458
2018_grp_1392,2018,1944,蒲田機械工業指導所,1392,経済局,economy,3,1,0,5,0,0,0,1,0,0,0,0,1.791759469228055
2024_name_missing,2024,1944,NA,NA,民生局,welfare,9,6,0,23,226,31,0,1,0,0,3.4657359027997265,5.424950017481403,3.1780538303479458
2035_grp_10,2035,1944,営繕課,10,計晝局,NA,15,25,0,43,0,0,5,1,1,1.791759469228055,0,0,3.784189633918261
2055_grp_47,2055,1944,都市計画課,47,計晝局,NA,3,9,0,18,0,0,0,1,0,0,0,0,2.9444389791664403
2055_grp_840,2055,1944,工専課,840,水道局,water,12,17,0,43,197,6,0,1,0,0,1.9459101490553132,5.288267030694535,3.784189633918261
2055_name_missing,2055,1944,NA,NA,港湾局,port,9,26,0,62,0,0,0,1,0,0,0,0,4.143134726391533
2068_name_清掃課,2068,1944,清掃課,NA,民生局,welfare,2,7,0,10,0,0,0,1,0,0,0,0,2.3978952727983707
2070_grp_839,2070,1944,調査室,839,経済局,economy,8,5,0,15,205,10,0,1,0,0,2.3978952727983707,5.327876168789581,2.772588722239781
2075_name_文書課,2075,1944,文書課,NA,長官官房,finance_admin,3,7,0,14,0,0,0,1,0,0,0,0,2.70805020110221
2094_name_財務課,2094,1944,財務課,NA,長官官房,finance_admin,18,29,0,79,257,0,0,1,0,0,0,5.552959584921617,4.382026634673881
2104_grp_24,2104,1944,企画課,24,計晝局,NA,7,5,0,19,0,0,0,1,0,0,0,0,2.995732273553991
2124_name_厚生課健民課,2124,1944,厚生課健民課,NA,民生局,welfare,6,11,0,35,0,0,0,1,0,0,0,0,3.58351893845611
2157_grp_1139,2157,1944,給水課,1139,水道局,water,6,10,0,20,0,0,0,1,0,0,0,0,3.044522437723423
2170_grp_1078,2170,1944,銀座出張所,1078,交通局,transport,3,4,0,11,0,0,0,1,0,0,0,0,2.4849066497880004
2171_name_銀座診療所,2171,1944,銀座診療所,NA,民生局,welfare,1,2,0,5,0,0,0,1,0,0,0,0,1.791759469228055
2173_name_防疫課,2173,1944,防疫課,NA,民生局,welfare,8,6,0,26,203,21,5,1,1,1.791759469228055,3.091042453358316,5.318119993844216,3.295836866004329
2180_name_隅田診療所,2180,1944,隅田診療所,NA,民生局,welfare,1,12,0,30,5,0,0,1,0,0,0,1.791759469228055,3.4339872044851463
2189_grp_457,2189,1944,電気課,457,交通局,transport,5,13,0,25,171,55,0,1,0,0,4.02535169073515,5.147494476813453,3.258096538021482
2191_grp_456,2191,1944,車輛課,456,交通局,transport,2,7,0,12,171,55,0,1,0,0,4.02535169073515,5.147494476813453,2.5649493574615367
2195_name_missing,2195,1944,NA,NA,教育局,education,8,9,0,42,0,0,0,1,0,0,0,0,3.7612001156935624
2199_name_missing,2199,1944,NA,NA,経済局,economy,1,8,0,21,0,0,0,1,0,0,0,0,3.091042453358316
2202_name_食糧検査所,2202,1944,食糧検査所,NA,経済局,economy,1,1,0,18,0,0,0,1,0,0,0,0,2.9444389791664403
2203_name_食糧検査所八王子支所,2203,1944,食糧検査所八王子支所,NA,経済局,economy,1,0,0,4,0,0,0,NA,0,0,0,0,1.6094379124341003
2204_grp_667,2204,1944,食糧検査所府中支所,667,経済局,economy,6,7,0,38,37,0,0,1,0,0,0,3.6375861597263857,3.6635616461296463
2205_name_食糧検査所東京支所,2205,1944,食糧検査所東京支所,NA,経済局,economy,6,3,0,26,242,10,0,1,0,0,2.3978952727983707,5.493061443340548,3.295836866004329
2206_name_食糧検査所青梅支所,2206,1944,食糧検査所青梅支所,NA,経済局,economy,1,1,0,14,0,0,0,1,0,0,0,0,2.70805020110221
2227_name_麻布児童健康指導所,2227,1944,麻布児童健康指導所,NA,民生局,welfare,1,2,0,9,0,0,0,1,0,0,0,0,2.302585092994046
2272_name_五反田診療所,2272,1944,五反田診療所,NA,民生局,welfare,1,2,0,5,0,0,0,1,0,0,0,0,1.791759469228055
2627_name_missing,2627,1944,NA,NA,交通局,transport,35,39,0,105,162,95,0,1,0,0,4.564348191467836,5.093750200806762,4.663439094112067
2768_grp_39,2768,1944,公園緑地課,39,計晝局,NA,4,13,0,26,0,0,0,1,0,0,0,0,3.295836866004329
3518_grp_2,3518,1944,庶務課,2,計晝局,NA,18,33,16,77,0,0,0,0.673469387755102,0,0,0,0,4.356708826689592
3734_name_文書課,3734,1944,文書課,NA,長官官房,finance_admin,5,25,12,47,0,0,0,0.6756756756756757,0,0,0,0,3.871201010907891
4832_name_missing,4832,1944,NA,NA,経済局,economy,11,12,0,46,197,23,0,1,0,0,3.1780538303479458,5.288267030694535,3.8501476017100584
4912_name_missing,4912,1944,NA,NA,長官官房,finance_admin,2,24,0,34,0,0,0,1,0,0,0,0,3.5553480614894135
5814_name_人事課,5814,1944,人事課,NA,長官官房,finance_admin,4,6,0,20,483,0,0,1,0,0,0,6.182084906716632,3.044522437723423
5817_name_用度課,5817,1944,用度課,NA,長官官房,finance_admin,17,42,0,82,0,0,0,1,0,0,0,0,4.418840607796598
5852_grp_168,5852,1944,事務所,168,計晝局,NA,5,11,3,14,0,0,0,0.7857142857142857,0,0,0,0,2.70805020110221
5890_grp_450,5890,1944,交通局保線課,450,交通局,transport,7,12,0,21,0,0,0,1,0,0,0,0,3.091042453358316
5891_grp_1471,5891,1944,交通局保線課電気課,1471,交通局,transport,1,1,0,1,0,0,0,1,0,0,0,0,0.6931471805599453
5893_grp_4,5893,1944,交通局経理課,4,交通局,transport,24,57,0,166,333,131,19,1,1,2.995732273553991,4.882801922586371,5.811140992976701,5.117993812416755
5894_grp_178,5894,1944,交通局経理課運輪課,178,交通局,transport,15,50,0,129,171,55,0,1,0,0,4.02535169073515,5.147494476813453,4.867534450455582
5896_grp_895,5896,1944,交通局車輛課,895,交通局,transport,5,12,0,33,0,0,0,1,0,0,0,0,3.5263605246161616
5899_grp_878,5899,1944,交通局運輸課車輛課,878,交通局,transport,3,7,0,21,162,95,0,1,0,0,4.564348191467836,5.093750200806762,3.091042453358316
5900_grp_80,5900,1944,交通局電気課,80,交通局,transport,15,57,0,115,0,0,0,1,0,0,0,0,4.7535901911063645
5901_name_交通局電気課水道局庶務課,5901,1944,交通局電気課水道局庶務課,NA,交通局,transport,13,9,0,31,0,0,0,1,0,0,0,0,3.4657359027997265
5986_name_missing,5986,1944,NA,NA,長官官房,finance_admin,5,22,0,47,0,0,0,1,0,0,0,0,3.871201010907891
5991_name_健民課,5991,1944,健民課,NA,民生局,welfare,11,24,0,63,426,57,0,1,0,0,4.060443010546419,6.056784013228625,4.1588830833596715
6015_grp_39,6015,1944,公園緑地課,39,計晝局,NA,40,53,0,112,0,0,13,1,1,2.6390573296152584,0,0,4.727387818712341
6016_grp_1355,6016,1944,公園緑地課道路課,1355,計晝局,NA,1,0,0,2,0,0,0,NA,0,0,0,0,1.0986122886681098
6134_name_厚生課,6134,1944,厚生課,NA,民生局,welfare,34,46,0,117,0,0,0,1,0,0,0,0,4.770684624465665
6135_name_厚生課健民課,6135,1944,厚生課健民課,NA,民生局,welfare,4,6,0,18,0,0,0,1,0,0,0,0,2.9444389791664403
6151_grp_1470,6151,1944,合〓山垣島山場,1470,経済局,economy,1,4,0,24,0,0,0,1,0,0,0,0,3.2188758248682006
6197_grp_6,6197,1944,河川課,6,計晝局,NA,24,33,0,154,0,0,3,1,1,1.3862943611198906,0,0,5.043425116919247
6215_grp_12,6215,1944,商工課,12,経済局,economy,33,33,42,154,205,10,0,0.44,0,0,2.3978952727983707,5.327876168789581,5.043425116919247
6365_name_missing,6365,1944,NA,NA,学校体育課経済局,NA,5,19,0,32,0,0,0,1,0,0,0,0,3.4965075614664802
6508_grp_514,6508,1944,工事課,514,港湾局,port,14,18,6,34,0,15,0,0.75,0,0,2.772588722239781,0,3.5553480614894135
6597_grp_179,6597,1944,庶務課,179,教育局,education,6,9,24,42,0,0,0,0.2727272727272727,0,0,0,0,3.7612001156935624
6597_grp_2,6597,1944,庶務課,2,計晝局,NA,23,9,24,58,0,0,0,0.2727272727272727,0,0,0,0,4.07753744390572
6601_grp_800,6601,1944,庶務課都市計画課,800,計晝局,NA,10,1,0,23,0,0,0,1,0,0,0,0,3.1780538303479458
6673_name_健民課,6673,1944,健民課,NA,民生局,welfare,7,10,0,24,226,31,0,1,0,0,3.4657359027997265,5.424950017481403,3.2188758248682006
6683_name_振興課,6683,1944,振興課,NA,民生局,welfare,11,16,0,54,200,26,0,1,0,0,3.295836866004329,5.303304908059076,4.007333185232471
6684_name_振興課厚生課,6684,1944,振興課厚生課,NA,民生局,welfare,2,3,0,27,226,31,0,1,0,0,3.4657359027997265,5.424950017481403,3.332204510175204
6704_grp_128,6704,1944,教育第二課,128,教育局,education,7,8,0,35,0,0,0,1,0,0,0,0,3.58351893845611
6712_name_文書課,6712,1944,文書課,NA,長官官房,finance_admin,13,24,13,50,0,0,0,0.6486486486486487,0,0,0,0,3.9318256327243257
6881_grp_679,6881,1944,林務課,679,経済局,economy,1,1,0,11,0,0,0,1,0,0,0,0,2.4849066497880004
6882_grp_717,6882,1944,林務課食料課,717,経済局,economy,3,1,0,21,0,0,0,1,0,0,0,0,3.091042453358316
6955_grp_446,6955,1944,水道局下水課,446,水道局,water,33,17,0,70,0,0,0,1,0,0,0,0,4.2626798770413155
6959_grp_132,6959,1944,水道局工事課,132,水道局,water,43,40,0,78,205,42,0,1,0,0,3.7612001156935624,5.327876168789581,4.3694478524670215
6960_grp_61,6960,1944,水道局庶務課,61,水道局,water,2,3,9,17,205,42,0,0.25,0,0,3.7612001156935624,5.327876168789581,2.8903717578961645
6961_grp_452,6961,1944,水道局庶務課業務課,452,水道局,water,5,17,0,31,0,0,0,1,0,0,0,0,3.4657359027997265
6963_grp_754,6963,1944,水道局業務課,754,水道局,water,5,14,0,27,0,0,0,1,0,0,0,0,3.332204510175204
6964_grp_907,6964,1944,水道局業務課給水課,907,水道局,water,5,2,0,13,0,0,0,1,0,0,0,0,2.6390573296152584
7000_grp_6,7000,1944,河川課,6,計晝局,NA,6,2,7,11,0,0,0,0.2222222222222222,0,0,0,0,2.4849066497880004
7048_name_清掃課,7048,1944,清掃課,NA,民生局,welfare,90,127,96,272,67,1,0,0.5695067264573991,0,0,0.6931471805599453,4.219507705176107,5.60947179518496
7052_name_清日課,7052,1944,清日課,NA,民生局,welfare,22,21,0,55,226,31,0,1,0,0,3.4657359027997265,5.424950017481403,4.02535169073515
7060_grp_2,7060,1944,庶務課,2,計晝局,NA,11,6,0,30,0,0,0,1,0,0,0,0,3.4339872044851463
7069_grp_14,7069,1944,港湾局工事課,14,港湾局,port,54,33,0,104,0,0,0,1,0,0,0,0,4.653960350157523
7144_name_用度課,7144,1944,用度課,NA,長官官房,finance_admin,28,31,0,137,257,0,0,1,0,0,0,5.552959584921617,4.927253685157205
7145_name_用度課考査課,7145,1944,用度課考査課,NA,長官官房,finance_admin,1,2,0,2,0,0,0,1,0,0,0,0,1.0986122886681098
7259_name_東京都本所防疫所,7259,1944,東京都本所防疫所,NA,民生局,welfare,1,1,1,3,0,0,0,0.5,0,0,0,0,1.3862943611198906
7439_name_翳生課,7439,1944,翳生課,NA,民生局,welfare,1,2,0,25,0,0,0,1,0,0,0,0,3.258096538021482
7440_name_考査課,7440,1944,考査課,NA,長官官房,finance_admin,3,11,0,18,0,0,0,1,0,0,0,0,2.9444389791664403
7446_name_missing,7446,1944,NA,NA,長官官房,finance_admin,5,17,0,30,0,0,0,1,0,0,0,0,3.4339872044851463
7506_name_厚生課,7506,1944,厚生課,NA,民生局,welfare,4,13,3,23,0,0,0,0.8125,0,0,0,0,3.1780538303479458
7528_grp_133,7528,1944,教育第一課,133,教育局,education,1,12,0,20,220,36,1,1,1,0.6931471805599453,3.6109179126442243,5.3981627015177525,3.044522437723423
7564_grp_12,7564,1944,商工課,12,経済局,economy,6,4,6,13,205,10,0,0.4,0,0,2.3978952727983707,5.327876168789581,2.6390573296152584
7566_grp_905,7566,1944,西部田田課,905,水道局,water,6,18,0,35,0,0,0,1,0,0,0,0,3.58351893845611
7576_grp_24,7576,1944,企画課,24,計晝局,NA,43,55,0,108,0,0,43,1,1,3.784189633918261,0,0,4.6913478822291435
7638_name_財務課,7638,1944,財務課,NA,長官官房,finance_admin,11,13,15,55,226,0,0,0.4642857142857143,0,0,0,5.424950017481403,4.02535169073515
7644_name_資材課計画局庶務課,7644,1944,資材課計画局庶務課,NA,経済局,economy,2,1,0,10,0,0,0,1,0,0,0,0,2.3978952727983707
7677_grp_46,7677,1944,農務課,46,経済局,economy,3,2,0,30,0,0,0,1,0,0,0,0,3.4339872044851463
7697_grp_5,7697,1944,道路課,5,計晝局,NA,109,76,56,192,0,0,0,0.5757575757575758,0,0,0,0,5.262690188904886
7715_grp_47,7715,1944,都市計画課,47,計晝局,NA,8,9,11,24,0,0,0,0.45,0,0,0,0,3.2188758248682006
7789_grp_754,7789,1944,水道局業務課,754,水道局,water,1,3,5,8,0,0,0,0.375,0,0,0,0,2.1972245773362196
7796_name_防疫課,7796,1944,防疫課,NA,民生局,welfare,14,15,0,72,235,58,1,1,1,0.6931471805599453,4.07753744390572,5.4638318050256105,4.290459441148391
7859_grp_180,7859,1944,食料課,180,経済局,economy,3,4,0,29,205,7,3,1,1,1.3862943611198906,2.0794415416798357,5.327876168789581,3.4011973816621555
8219_grp_80,8219,1944,交通局電気課,80,交通局,transport,8,20,18,39,0,0,0,0.5263157894736842,0,0,0,0,3.6888794541139363
8330_name_文書課,8330,1944,文書課,NA,長官官房,finance_admin,18,26,30,85,0,0,0,0.4642857142857143,0,0,0,0,4.454347296253507
8358_grp_2,8358,1944,庶務課,2,計晝局,NA,15,4,19,26,0,0,0,0.17391304347826086,0,0,0,0,3.295836866004329
8358_grp_825,8358,1944,教習所,825,交通局,transport,1,2,2,5,0,0,0,0.5,0,0,0,0,1.791759469228055
8514_name_財務課,8514,1944,財務課,NA,長官官房,finance_admin,6,14,3,29,0,0,0,0.8235294117647058,0,0,0,0,3.4011973816621555
8529_name_missing,8529,1944,NA,NA,計晝局,NA,3,4,0,9,0,0,0,1,0,0,0,0,2.302585092994046
8534_grp_594,8534,1944,戸所,594,交通局,transport,2,11,9,30,0,0,0,0.55,0,0,0,0,3.4339872044851463
8656_name_防疫課,8656,1944,防疫課,NA,民生局,welfare,6,3,0,61,9,27,1,1,1,0.6931471805599453,3.332204510175204,2.302585092994046,4.127134385045092
8669_name_missing,8669,1944,NA,NA,水道局,water,5,3,9,12,0,0,0,0.25,0,0,0,0,2.5649493574615367
8709_name_防疫課,8709,1944,防疫課,NA,民生局,welfare,6,1,0,8,0,0,0,1,0,0,0,0,2.1972245773362196
8713_name_missing,8713,1944,NA,NA,計晝局,NA,3,4,6,11,0,0,0,0.4,0,0,0,0,2.4849066497880004
8910_grp_680,8910,1944,西室,680,交通局,transport,2,5,0,11,0,0,0,1,0,0,0,0,2.4849066497880004
8994_name_missing,8994,1944,NA,NA,経済局,economy,17,0,0,200,0,0,0,NA,0,0,0,0,5.303304908059076
8994_name_missing,8994,1944,NA,NA,計晝局,NA,4,0,0,200,0,0,0,NA,0,0,0,0,5.303304908059076
