event_origin_id,event_id,origin_office_id,chosen_distance,n_candidates,n_selected,n_exact_pos,salary_candidate_share,any_selected_with_salary,all_candidates_with_salary,usable,usable_salary,drop_reason,drop_reason_salary
evt_103||1490,evt_103,1490,same_section,6,1,0,0,FALSE,FALSE,TRUE,FALSE,usable,selected_worker_missing_salary
evt_103||7029,evt_103,7029,different_department,2,1,0,0,FALSE,FALSE,TRUE,FALSE,usable,selected_worker_missing_salary
evt_104||1130,evt_104,1130,same_department,15,1,0,0,FALSE,FALSE,TRUE,FALSE,usable,selected_worker_missing_salary
evt_104||7525,evt_104,7525,different_department,18,1,0,0,FALSE,FALSE,TRUE,FALSE,usable,selected_worker_missing_salary
evt_105||1490,evt_105,1490,same_section,6,2,0,0,FALSE,FALSE,TRUE,FALSE,usable,selected_worker_missing_salary
evt_105||2183,evt_105,2183,different_department,83,1,0,0,FALSE,FALSE,TRUE,FALSE,usable,selected_worker_missing_salary
evt_105||7819,evt_105,7819,different_department,3,1,0,0,FALSE,FALSE,TRUE,FALSE,usable,selected_worker_missing_salary
evt_108||2071,evt_108,2071,same_department,44,1,0,0,FALSE,FALSE,TRUE,FALSE,usable,selected_worker_missing_salary
evt_109||2071,evt_109,2071,same_department,44,1,1,0,FALSE,FALSE,TRUE,FALSE,usable,selected_worker_missing_salary
evt_113||1531,evt_113,1531,same_section,3,1,2,0,FALSE,FALSE,TRUE,FALSE,usable,selected_worker_missing_salary
evt_114||1449,evt_114,1449,same_section,115,1,0,0,FALSE,FALSE,TRUE,FALSE,usable,selected_worker_missing_salary
evt_114||8905,evt_114,8905,same_section,69,4,0,0,FALSE,FALSE,TRUE,FALSE,usable,selected_worker_missing_salary
evt_121||1449,evt_121,1449,same_section,115,2,0,0,FALSE,FALSE,TRUE,FALSE,usable,selected_worker_missing_salary
evt_121||8905,evt_121,8905,same_section,69,0,0,0,FALSE,FALSE,FALSE,FALSE,selected_worker_not_in_candidates,selected_worker_not_in_candidates
evt_123||6184,evt_123,6184,different_department,2,1,0,0,FALSE,FALSE,TRUE,FALSE,usable,selected_worker_missing_salary
evt_124||1752,evt_124,1752,different_department,21,0,0,0,FALSE,FALSE,FALSE,FALSE,selected_worker_not_in_candidates,selected_worker_not_in_candidates
evt_131||1193,evt_131,1193,same_department,23,1,7,0,FALSE,FALSE,TRUE,FALSE,usable,selected_worker_missing_salary
evt_131||1555,evt_131,1555,same_section,37,3,3,0,FALSE,FALSE,TRUE,FALSE,usable,selected_worker_missing_salary
evt_131||1919,evt_131,1919,same_section,15,1,2,0,FALSE,FALSE,TRUE,FALSE,usable,selected_worker_missing_salary
evt_131||2071,evt_131,2071,same_department,44,1,8,0,FALSE,FALSE,TRUE,FALSE,usable,selected_worker_missing_salary
evt_131||8690,evt_131,8690,different_department,19,1,0,0,FALSE,FALSE,TRUE,FALSE,usable,selected_worker_missing_salary
evt_135||1449,evt_135,1449,same_department,115,2,0,0,FALSE,FALSE,TRUE,FALSE,usable,selected_worker_missing_salary
evt_136||1716,evt_136,1716,same_department,15,1,0,0,FALSE,FALSE,TRUE,FALSE,usable,selected_worker_missing_salary
evt_137||1449,evt_137,1449,different_department,115,0,0,0,FALSE,FALSE,FALSE,FALSE,selected_worker_not_in_candidates,selected_worker_not_in_candidates
evt_137||1555,evt_137,1555,same_section,37,2,0,0,FALSE,FALSE,TRUE,FALSE,usable,selected_worker_missing_salary
evt_137||8490,evt_137,8490,same_department,46,1,0,0,FALSE,FALSE,TRUE,FALSE,usable,selected_worker_missing_salary
evt_13||8358,evt_13,8358,same_department,61,1,0,0,FALSE,FALSE,TRUE,FALSE,usable,selected_worker_missing_salary
evt_146||1896,evt_146,1896,same_department,28,0,0,0,FALSE,FALSE,FALSE,FALSE,selected_worker_not_in_candidates,selected_worker_not_in_candidates
evt_147||2174,evt_147,2174,same_department,27,2,0,0,FALSE,FALSE,TRUE,FALSE,usable,selected_worker_missing_salary
evt_14||1449,evt_14,1449,same_section,115,4,23,0,FALSE,FALSE,TRUE,FALSE,usable,selected_worker_missing_salary
evt_153||2174,evt_153,2174,same_department,27,1,0,0,FALSE,FALSE,TRUE,FALSE,usable,selected_worker_missing_salary
evt_159||2071,evt_159,2071,same_department,44,0,8,0,FALSE,FALSE,FALSE,FALSE,selected_worker_not_in_candidates,selected_worker_not_in_candidates
evt_159||8358,evt_159,8358,different_department,61,0,1,0,FALSE,FALSE,FALSE,FALSE,selected_worker_not_in_candidates,selected_worker_not_in_candidates
evt_15||1449,evt_15,1449,same_section,115,5,0,0,FALSE,FALSE,TRUE,FALSE,usable,selected_worker_missing_salary
evt_15||8905,evt_15,8905,same_section,69,1,0,0,FALSE,FALSE,TRUE,FALSE,usable,selected_worker_missing_salary
evt_161||2071,evt_161,2071,same_department,44,1,0,0,FALSE,FALSE,TRUE,FALSE,usable,selected_worker_missing_salary
evt_162||2143,evt_162,2143,same_department,15,1,0,0,FALSE,FALSE,TRUE,FALSE,usable,selected_worker_missing_salary
evt_163||1449,evt_163,1449,different_department,115,1,0,0,FALSE,FALSE,TRUE,FALSE,usable,selected_worker_missing_salary
evt_163||2071,evt_163,2071,same_department,44,1,0,0,FALSE,FALSE,TRUE,FALSE,usable,selected_worker_missing_salary
evt_171||1478,evt_171,1478,same_department,27,1,0,0,FALSE,FALSE,TRUE,FALSE,usable,selected_worker_missing_salary
evt_172||6328,evt_172,6328,different_department,27,1,0,0,FALSE,FALSE,TRUE,FALSE,usable,selected_worker_missing_salary
evt_173||1193,evt_173,1193,same_department,23,1,0,0,FALSE,FALSE,TRUE,FALSE,usable,selected_worker_missing_salary
evt_177||1193,evt_177,1193,same_department,23,1,0,0,FALSE,FALSE,TRUE,FALSE,usable,selected_worker_missing_salary
evt_177||1449,evt_177,1449,different_department,115,1,0,0,FALSE,FALSE,TRUE,FALSE,usable,selected_worker_missing_salary
evt_179||2174,evt_179,2174,same_department,27,1,0,0,FALSE,FALSE,TRUE,FALSE,usable,selected_worker_missing_salary
evt_179||6337,evt_179,6337,different_department,8,0,0,0,FALSE,FALSE,FALSE,FALSE,selected_worker_not_in_candidates,selected_worker_not_in_candidates
evt_180||2174,evt_180,2174,same_department,27,1,0,0,FALSE,FALSE,TRUE,FALSE,usable,selected_worker_missing_salary
evt_181||8358,evt_181,8358,different_department,61,1,0,0,FALSE,FALSE,TRUE,FALSE,usable,selected_worker_missing_salary
evt_181||8994,evt_181,8994,same_department,18,1,0,0,FALSE,FALSE,TRUE,FALSE,usable,selected_worker_missing_salary
evt_195||1761,evt_195,1761,same_department,7,0,0,0,FALSE,FALSE,FALSE,FALSE,selected_worker_not_in_candidates,selected_worker_not_in_candidates
evt_195||2003,evt_195,2003,different_department,5,1,0,0,FALSE,FALSE,TRUE,FALSE,usable,selected_worker_missing_salary
evt_196||1757,evt_196,1757,different_department,4,1,0,0,FALSE,FALSE,TRUE,FALSE,usable,selected_worker_missing_salary
evt_198||2159,evt_198,2159,same_department,11,2,0,0,FALSE,FALSE,TRUE,FALSE,usable,selected_worker_missing_salary
evt_199||1581,evt_199,1581,different_department,4,1,0,0,FALSE,FALSE,TRUE,FALSE,usable,selected_worker_missing_salary
evt_199||2158,evt_199,2158,same_department,11,1,0,0,FALSE,FALSE,TRUE,FALSE,usable,selected_worker_missing_salary
evt_199||2159,evt_199,2159,same_department,11,0,0,0,FALSE,FALSE,FALSE,FALSE,selected_worker_not_in_candidates,selected_worker_not_in_candidates
evt_199||8358,evt_199,8358,same_department,61,1,0,0,FALSE,FALSE,TRUE,FALSE,usable,selected_worker_missing_salary
evt_201||1449,evt_201,1449,different_department,115,1,0,0,FALSE,FALSE,TRUE,FALSE,usable,selected_worker_missing_salary
evt_201||5764,evt_201,5764,different_department,3,1,0,0,FALSE,FALSE,TRUE,FALSE,usable,selected_worker_missing_salary
evt_204||1449,evt_204,1449,same_section,115,2,23,0,FALSE,FALSE,TRUE,FALSE,usable,selected_worker_missing_salary
evt_204||8905,evt_204,8905,same_section,69,1,6,0,FALSE,FALSE,TRUE,FALSE,usable,selected_worker_missing_salary
evt_205||1449,evt_205,1449,same_section,115,2,0,0,FALSE,FALSE,TRUE,FALSE,usable,selected_worker_missing_salary
evt_205||8905,evt_205,8905,same_section,69,3,0,0,FALSE,FALSE,TRUE,FALSE,usable,selected_worker_missing_salary
evt_209||1794,evt_209,1794,different_department,12,2,7,0,FALSE,FALSE,TRUE,FALSE,usable,selected_worker_missing_salary
evt_209||7779,evt_209,7779,different_department,4,1,0,0,FALSE,FALSE,TRUE,FALSE,usable,selected_worker_missing_salary
evt_209||8358,evt_209,8358,different_department,61,1,1,0,FALSE,FALSE,TRUE,FALSE,usable,selected_worker_missing_salary
evt_210||1794,evt_210,1794,different_department,12,3,0,0,FALSE,FALSE,TRUE,FALSE,usable,selected_worker_missing_salary
evt_210||2071,evt_210,2071,different_department,44,0,0,0,FALSE,FALSE,FALSE,FALSE,selected_worker_not_in_candidates,selected_worker_not_in_candidates
evt_210||6953,evt_210,6953,different_department,71,2,0,0,FALSE,FALSE,TRUE,FALSE,usable,selected_worker_missing_salary
evt_210||7525,evt_210,7525,different_department,18,1,0,0,FALSE,FALSE,TRUE,FALSE,usable,selected_worker_missing_salary
evt_211||1794,evt_211,1794,different_department,12,1,0,0,FALSE,FALSE,TRUE,FALSE,usable,selected_worker_missing_salary
evt_217||1278,evt_217,1278,same_department,18,1,0,0,FALSE,FALSE,TRUE,FALSE,usable,selected_worker_missing_salary
evt_217||6328,evt_217,6328,different_department,27,1,0,0,FALSE,FALSE,TRUE,FALSE,usable,selected_worker_missing_salary
evt_218||2174,evt_218,2174,same_section,27,2,0,0,FALSE,FALSE,TRUE,FALSE,usable,selected_worker_missing_salary
evt_219||7525,evt_219,7525,different_department,18,1,0,0,FALSE,FALSE,TRUE,FALSE,usable,selected_worker_missing_salary
evt_224||1193,evt_224,1193,same_department,23,3,7,0,FALSE,FALSE,TRUE,FALSE,usable,selected_worker_missing_salary
evt_228||2056,evt_228,2056,different_department,68,1,0,0,FALSE,FALSE,TRUE,FALSE,usable,selected_worker_missing_salary
evt_229||1130,evt_229,1130,same_department,15,1,0,0,FALSE,FALSE,TRUE,FALSE,usable,selected_worker_missing_salary
evt_230||1989,evt_230,1989,different_department,7,1,0,0,FALSE,FALSE,TRUE,FALSE,usable,selected_worker_missing_salary
evt_230||6701,evt_230,6701,same_department,32,6,0,0,FALSE,FALSE,TRUE,FALSE,usable,selected_worker_missing_salary
evt_231||6650,evt_231,6650,same_department,15,0,0,0,FALSE,FALSE,FALSE,FALSE,selected_worker_not_in_candidates,selected_worker_not_in_candidates
evt_232||8690,evt_232,8690,different_department,19,1,0,0,FALSE,FALSE,TRUE,FALSE,usable,selected_worker_missing_salary
evt_234||1449,evt_234,1449,different_department,115,1,0,0,FALSE,FALSE,TRUE,FALSE,usable,selected_worker_missing_salary
evt_234||2071,evt_234,2071,different_department,44,1,0,0,FALSE,FALSE,TRUE,FALSE,usable,selected_worker_missing_salary
evt_236||7484,evt_236,7484,different_department,3,1,0,0,FALSE,FALSE,TRUE,FALSE,usable,selected_worker_missing_salary
evt_238||1555,evt_238,1555,different_department,37,1,0,0,FALSE,FALSE,TRUE,FALSE,usable,selected_worker_missing_salary
evt_238||6701,evt_238,6701,different_department,32,1,0,0,FALSE,FALSE,TRUE,FALSE,usable,selected_worker_missing_salary
evt_252||6953,evt_252,6953,same_department,71,1,0,0,FALSE,FALSE,TRUE,FALSE,usable,selected_worker_missing_salary
evt_259||6953,evt_259,6953,same_department,71,1,0,0,FALSE,FALSE,TRUE,FALSE,usable,selected_worker_missing_salary
evt_25||1190,evt_25,1190,different_department,70,1,3,0,FALSE,FALSE,TRUE,FALSE,usable,selected_worker_missing_salary
evt_25||1449,evt_25,1449,different_department,115,1,23,0,FALSE,FALSE,TRUE,FALSE,usable,selected_worker_missing_salary
evt_25||2056,evt_25,2056,different_department,68,1,4,0,FALSE,FALSE,TRUE,FALSE,usable,selected_worker_missing_salary
evt_264||1906,evt_264,1906,same_department,23,1,0,0,FALSE,FALSE,TRUE,FALSE,usable,selected_worker_missing_salary
evt_265||1906,evt_265,1906,same_department,23,0,0,0,FALSE,FALSE,FALSE,FALSE,selected_worker_not_in_candidates,selected_worker_not_in_candidates
evt_268||1449,evt_268,1449,same_department,115,1,0,0,FALSE,FALSE,TRUE,FALSE,usable,selected_worker_missing_salary
evt_269||1449,evt_269,1449,same_department,115,1,0,0,FALSE,FALSE,TRUE,FALSE,usable,selected_worker_missing_salary
evt_271||2146,evt_271,2146,same_section,27,1,0,0,FALSE,FALSE,TRUE,FALSE,usable,selected_worker_missing_salary
evt_278||2158,evt_278,2158,same_section,11,1,0,0,FALSE,FALSE,TRUE,FALSE,usable,selected_worker_missing_salary
evt_27||1190,evt_27,1190,different_department,70,1,0,0,FALSE,FALSE,TRUE,FALSE,usable,selected_worker_missing_salary
evt_27||6946,evt_27,6946,different_department,11,1,0,0,FALSE,FALSE,TRUE,FALSE,usable,selected_worker_missing_salary
evt_286||2159,evt_286,2159,same_department,11,1,0,0,FALSE,FALSE,TRUE,FALSE,usable,selected_worker_missing_salary
evt_288||8358,evt_288,8358,different_department,61,0,1,0,FALSE,FALSE,FALSE,FALSE,selected_worker_not_in_candidates,selected_worker_not_in_candidates
evt_289||2056,evt_289,2056,different_department,68,1,0,0,FALSE,FALSE,TRUE,FALSE,usable,selected_worker_missing_salary
evt_290||1449,evt_290,1449,different_department,115,1,0,0,FALSE,FALSE,TRUE,FALSE,usable,selected_worker_missing_salary
evt_291||1695,evt_291,1695,different_department,6,1,0,0,FALSE,FALSE,TRUE,FALSE,usable,selected_worker_missing_salary
evt_292||7506,evt_292,7506,different_department,68,1,0,0,FALSE,FALSE,TRUE,FALSE,usable,selected_worker_missing_salary
evt_294||1555,evt_294,1555,different_department,37,0,0,0,FALSE,FALSE,FALSE,FALSE,selected_worker_not_in_candidates,selected_worker_not_in_candidates
evt_294||6701,evt_294,6701,same_department,32,0,0,0,FALSE,FALSE,FALSE,FALSE,selected_worker_not_in_candidates,selected_worker_not_in_candidates
evt_295||6701,evt_295,6701,same_department,32,1,0,0,FALSE,FALSE,TRUE,FALSE,usable,selected_worker_missing_salary
evt_296||6701,evt_296,6701,same_department,32,1,0,0,FALSE,FALSE,TRUE,FALSE,usable,selected_worker_missing_salary
evt_297||2123,evt_297,2123,same_department,14,1,2,0,FALSE,FALSE,TRUE,FALSE,usable,selected_worker_missing_salary
evt_298||2123,evt_298,2123,same_department,14,1,0,0,FALSE,FALSE,TRUE,FALSE,usable,selected_worker_missing_salary
evt_29||1190,evt_29,1190,different_department,70,1,0,0,FALSE,FALSE,TRUE,FALSE,usable,selected_worker_missing_salary
evt_302||2003,evt_302,2003,different_department,5,1,0,0,FALSE,FALSE,TRUE,FALSE,usable,selected_worker_missing_salary
evt_302||2071,evt_302,2071,same_department,44,1,0,0,FALSE,FALSE,TRUE,FALSE,usable,selected_worker_missing_salary
evt_302||2143,evt_302,2143,same_section,15,2,0,0,FALSE,FALSE,TRUE,FALSE,usable,selected_worker_missing_salary
evt_302||8321,evt_302,8321,same_department,7,1,0,0,FALSE,FALSE,TRUE,FALSE,usable,selected_worker_missing_salary
evt_303||2071,evt_303,2071,same_department,44,1,0,0,FALSE,FALSE,TRUE,FALSE,usable,selected_worker_missing_salary
evt_304||2071,evt_304,2071,same_department,44,1,0,0,FALSE,FALSE,TRUE,FALSE,usable,selected_worker_missing_salary
evt_304||2143,evt_304,2143,same_section,15,1,0,0,FALSE,FALSE,TRUE,FALSE,usable,selected_worker_missing_salary
evt_30||5884,evt_30,5884,different_department,4,1,0,0,FALSE,FALSE,TRUE,FALSE,usable,selected_worker_missing_salary
evt_311||1317,evt_311,1317,different_department,16,1,0,0,FALSE,FALSE,TRUE,FALSE,usable,selected_worker_missing_salary
evt_315||1896,evt_315,1896,same_department,28,1,0,0,FALSE,FALSE,TRUE,FALSE,usable,selected_worker_missing_salary
evt_316||6184,evt_316,6184,different_department,2,1,0,0,FALSE,FALSE,TRUE,FALSE,usable,selected_worker_missing_salary
evt_316||8514,evt_316,8514,same_department,7,1,0,0,FALSE,FALSE,TRUE,FALSE,usable,selected_worker_missing_salary
evt_317||6650,evt_317,6650,same_department,15,1,0,0,FALSE,FALSE,TRUE,FALSE,usable,selected_worker_missing_salary
evt_318||1752,evt_318,1752,different_department,21,1,0,0,FALSE,FALSE,TRUE,FALSE,usable,selected_worker_missing_salary
evt_318||6328,evt_318,6328,different_department,27,1,0,0,FALSE,FALSE,TRUE,FALSE,usable,selected_worker_missing_salary
evt_318||8757,evt_318,8757,different_department,19,0,0,0,FALSE,FALSE,FALSE,FALSE,selected_worker_not_in_candidates,selected_worker_not_in_candidates
evt_322||7782,evt_322,7782,same_department,34,1,0,0,FALSE,FALSE,TRUE,FALSE,usable,selected_worker_missing_salary
evt_333||1478,evt_333,1478,different_department,27,1,6,0,FALSE,FALSE,TRUE,FALSE,usable,selected_worker_missing_salary
evt_333||2071,evt_333,2071,different_department,44,1,8,0,FALSE,FALSE,TRUE,FALSE,usable,selected_worker_missing_salary
evt_333||6953,evt_333,6953,same_department,71,0,4,0,FALSE,FALSE,FALSE,FALSE,selected_worker_not_in_candidates,selected_worker_not_in_candidates
evt_333||7506,evt_333,7506,different_department,68,1,8,0,FALSE,FALSE,TRUE,FALSE,usable,selected_worker_missing_salary
evt_334||6953,evt_334,6953,same_department,71,1,0,0,FALSE,FALSE,TRUE,FALSE,usable,selected_worker_missing_salary
evt_334||7506,evt_334,7506,different_department,68,1,0,0,FALSE,FALSE,TRUE,FALSE,usable,selected_worker_missing_salary
evt_339||1716,evt_339,1716,same_department,15,1,1,0,FALSE,FALSE,TRUE,FALSE,usable,selected_worker_missing_salary
evt_33||1190,evt_33,1190,different_department,70,4,23,0,FALSE,FALSE,TRUE,FALSE,usable,selected_worker_missing_salary
evt_33||2056,evt_33,2056,different_department,68,0,26,0,FALSE,FALSE,FALSE,FALSE,selected_worker_not_in_candidates,selected_worker_not_in_candidates
evt_33||7051,evt_33,7051,different_department,17,0,8,0,FALSE,FALSE,FALSE,FALSE,selected_worker_not_in_candidates,selected_worker_not_in_candidates
evt_33||8994,evt_33,8994,same_department,18,0,0,0,FALSE,FALSE,FALSE,FALSE,selected_worker_not_in_candidates,selected_worker_not_in_candidates
evt_341||1449,evt_341,1449,same_department,115,4,0,0,FALSE,FALSE,TRUE,FALSE,usable,selected_worker_missing_salary
evt_341||1716,evt_341,1716,same_department,15,1,0,0,FALSE,FALSE,TRUE,FALSE,usable,selected_worker_missing_salary
evt_342||1449,evt_342,1449,same_department,115,1,0,0,FALSE,FALSE,TRUE,FALSE,usable,selected_worker_missing_salary
evt_342||1716,evt_342,1716,same_department,15,2,0,0,FALSE,FALSE,TRUE,FALSE,usable,selected_worker_missing_salary
evt_345||1233,evt_345,1233,different_department,24,1,0,0,FALSE,FALSE,TRUE,FALSE,usable,selected_worker_missing_salary
evt_346||7051,evt_346,7051,different_department,17,0,0,0,FALSE,FALSE,FALSE,FALSE,selected_worker_not_in_candidates,selected_worker_not_in_candidates
evt_347||1190,evt_347,1190,different_department,70,1,0,0,FALSE,FALSE,TRUE,FALSE,usable,selected_worker_missing_salary
evt_348||1190,evt_348,1190,different_department,70,1,0,0,FALSE,FALSE,TRUE,FALSE,usable,selected_worker_missing_salary
evt_34||1190,evt_34,1190,different_department,70,4,3,0,FALSE,FALSE,TRUE,FALSE,usable,selected_worker_missing_salary
evt_34||6328,evt_34,6328,different_department,27,1,1,0,FALSE,FALSE,TRUE,FALSE,usable,selected_worker_missing_salary
evt_34||7051,evt_34,7051,different_department,17,1,2,0,FALSE,FALSE,TRUE,FALSE,usable,selected_worker_missing_salary
evt_350||2072,evt_350,2072,different_department,7,2,3,0,FALSE,FALSE,TRUE,FALSE,usable,selected_worker_missing_salary
evt_352||2072,evt_352,2072,different_department,7,0,0,0,FALSE,FALSE,FALSE,FALSE,selected_worker_not_in_candidates,selected_worker_not_in_candidates
evt_353||2072,evt_353,2072,different_department,7,1,0,0,FALSE,FALSE,TRUE,FALSE,usable,selected_worker_missing_salary
evt_354||7782,evt_354,7782,different_department,34,0,0,0,FALSE,FALSE,FALSE,FALSE,selected_worker_not_in_candidates,selected_worker_not_in_candidates
evt_357||2183,evt_357,2183,different_department,83,1,0,0,FALSE,FALSE,TRUE,FALSE,usable,selected_worker_missing_salary
evt_357||7782,evt_357,7782,different_department,34,0,0,0,FALSE,FALSE,FALSE,FALSE,selected_worker_not_in_candidates,selected_worker_not_in_candidates
evt_359||8905,evt_359,8905,same_section,69,1,0,0,FALSE,FALSE,TRUE,FALSE,usable,selected_worker_missing_salary
evt_360||2125,evt_360,2125,same_department,9,4,0,0,FALSE,FALSE,TRUE,FALSE,usable,selected_worker_missing_salary
evt_360||8994,evt_360,8994,same_department,18,1,0,0,FALSE,FALSE,TRUE,FALSE,usable,selected_worker_missing_salary
evt_361||2125,evt_361,2125,same_department,9,1,0,0,FALSE,FALSE,TRUE,FALSE,usable,selected_worker_missing_salary
evt_362||2125,evt_362,2125,same_department,9,2,0,0,FALSE,FALSE,TRUE,FALSE,usable,selected_worker_missing_salary
evt_363||1906,evt_363,1906,same_department,23,2,0,0,FALSE,FALSE,TRUE,FALSE,usable,selected_worker_missing_salary
evt_364||1906,evt_364,1906,same_department,23,1,0,0,FALSE,FALSE,TRUE,FALSE,usable,selected_worker_missing_salary
evt_364||7506,evt_364,7506,different_department,68,1,0,0,FALSE,FALSE,TRUE,FALSE,usable,selected_worker_missing_salary
evt_365||1906,evt_365,1906,same_department,23,1,0,0,FALSE,FALSE,TRUE,FALSE,usable,selected_worker_missing_salary
evt_369||1193,evt_369,1193,same_department,23,1,0,0,FALSE,FALSE,TRUE,FALSE,usable,selected_worker_missing_salary
evt_369||7506,evt_369,7506,different_department,68,2,0,0,FALSE,FALSE,TRUE,FALSE,usable,selected_worker_missing_salary
evt_36||2138,evt_36,2138,different_department,21,1,0,0,FALSE,FALSE,TRUE,FALSE,usable,selected_worker_missing_salary
evt_370||8514,evt_370,8514,same_department,7,1,0,0,FALSE,FALSE,TRUE,FALSE,usable,selected_worker_missing_salary
evt_372||8358,evt_372,8358,different_department,61,0,1,0,FALSE,FALSE,FALSE,FALSE,selected_worker_not_in_candidates,selected_worker_not_in_candidates
evt_374||2174,evt_374,2174,same_section,27,1,0,0,FALSE,FALSE,TRUE,FALSE,usable,selected_worker_missing_salary
evt_375||2174,evt_375,2174,same_section,27,2,0,0,FALSE,FALSE,TRUE,FALSE,usable,selected_worker_missing_salary
evt_377||6650,evt_377,6650,same_department,15,1,0,0,FALSE,FALSE,TRUE,FALSE,usable,selected_worker_missing_salary
evt_377||8514,evt_377,8514,same_department,7,1,0,0,FALSE,FALSE,TRUE,FALSE,usable,selected_worker_missing_salary
evt_378||6650,evt_378,6650,same_department,15,1,0,0,FALSE,FALSE,TRUE,FALSE,usable,selected_worker_missing_salary
evt_380||1193,evt_380,1193,same_department,23,1,7,0,FALSE,FALSE,TRUE,FALSE,usable,selected_worker_missing_salary
evt_380||2071,evt_380,2071,same_department,44,1,8,0,FALSE,FALSE,TRUE,FALSE,usable,selected_worker_missing_salary
evt_380||2183,evt_380,2183,same_department,83,1,7,0,FALSE,FALSE,TRUE,FALSE,usable,selected_worker_missing_salary
evt_380||7836,evt_380,7836,same_department,1,1,1,0,FALSE,FALSE,FALSE,FALSE,degenerate_choice_set,degenerate_choice_set
evt_381||1193,evt_381,1193,same_department,23,1,0,0,FALSE,FALSE,TRUE,FALSE,usable,selected_worker_missing_salary
evt_381||2143,evt_381,2143,same_department,15,1,0,0,FALSE,FALSE,TRUE,FALSE,usable,selected_worker_missing_salary
evt_381||2183,evt_381,2183,same_department,83,0,0,0,FALSE,FALSE,FALSE,FALSE,selected_worker_not_in_candidates,selected_worker_not_in_candidates
evt_381||8164,evt_381,8164,same_department,21,1,0,0,FALSE,FALSE,TRUE,FALSE,usable,selected_worker_missing_salary
evt_382||1193,evt_382,1193,same_department,23,1,0,0,FALSE,FALSE,TRUE,FALSE,usable,selected_worker_missing_salary
evt_385||2123,evt_385,2123,same_department,14,0,2,0,FALSE,FALSE,FALSE,FALSE,selected_worker_not_in_candidates,selected_worker_not_in_candidates
evt_386||2123,evt_386,2123,same_department,14,1,0,0,FALSE,FALSE,TRUE,FALSE,usable,selected_worker_missing_salary
evt_386||2183,evt_386,2183,same_department,83,1,0,0,FALSE,FALSE,TRUE,FALSE,usable,selected_worker_missing_salary
evt_387||2123,evt_387,2123,same_department,14,0,0,0,FALSE,FALSE,FALSE,FALSE,selected_worker_not_in_candidates,selected_worker_not_in_candidates
evt_389||1130,evt_389,1130,same_department,15,4,0,0,FALSE,FALSE,TRUE,FALSE,usable,selected_worker_missing_salary
evt_390||1130,evt_390,1130,same_department,15,2,0,0,FALSE,FALSE,TRUE,FALSE,usable,selected_worker_missing_salary
evt_390||6701,evt_390,6701,same_department,32,1,0,0,FALSE,FALSE,TRUE,FALSE,usable,selected_worker_missing_salary
evt_391||1130,evt_391,1130,same_department,15,0,0,0,FALSE,FALSE,FALSE,FALSE,selected_worker_not_in_candidates,selected_worker_not_in_candidates
evt_394||2159,evt_394,2159,same_department,11,1,0,0,FALSE,FALSE,TRUE,FALSE,usable,selected_worker_missing_salary
evt_395||2158,evt_395,2158,same_department,11,1,0,0,FALSE,FALSE,TRUE,FALSE,usable,selected_worker_missing_salary
evt_396||2158,evt_396,2158,same_department,11,1,0,0,FALSE,FALSE,TRUE,FALSE,usable,selected_worker_missing_salary
evt_396||2159,evt_396,2159,same_department,11,1,0,0,FALSE,FALSE,TRUE,FALSE,usable,selected_worker_missing_salary
evt_399||2183,evt_399,2183,different_department,83,1,0,0,FALSE,FALSE,TRUE,FALSE,usable,selected_worker_missing_salary
evt_399||7506,evt_399,7506,different_department,68,1,0,0,FALSE,FALSE,TRUE,FALSE,usable,selected_worker_missing_salary
evt_399||7748,evt_399,7748,different_department,5,0,0,0,FALSE,FALSE,FALSE,FALSE,selected_worker_not_in_candidates,selected_worker_not_in_candidates
evt_399||8358,evt_399,8358,same_department,61,1,0,0,FALSE,FALSE,TRUE,FALSE,usable,selected_worker_missing_salary
evt_402||1896,evt_402,1896,different_department,28,1,0,0,FALSE,FALSE,TRUE,FALSE,usable,selected_worker_missing_salary
evt_404||8690,evt_404,8690,different_department,19,1,0,0,FALSE,FALSE,TRUE,FALSE,usable,selected_worker_missing_salary
evt_405||6650,evt_405,6650,same_department,15,1,0,0,FALSE,FALSE,TRUE,FALSE,usable,selected_worker_missing_salary
evt_406||8358,evt_406,8358,different_department,61,0,0,0,FALSE,FALSE,FALSE,FALSE,selected_worker_not_in_candidates,selected_worker_not_in_candidates
evt_407||1233,evt_407,1233,same_department,24,1,0,0,FALSE,FALSE,TRUE,FALSE,usable,selected_worker_missing_salary
evt_407||1555,evt_407,1555,same_department,37,0,0,0,FALSE,FALSE,FALSE,FALSE,selected_worker_not_in_candidates,selected_worker_not_in_candidates
evt_407||2071,evt_407,2071,same_department,44,0,0,0,FALSE,FALSE,FALSE,FALSE,selected_worker_not_in_candidates,selected_worker_not_in_candidates
evt_407||8164,evt_407,8164,same_department,21,3,0,0,FALSE,FALSE,TRUE,FALSE,usable,selected_worker_missing_salary
evt_407||8358,evt_407,8358,different_department,61,0,0,0,FALSE,FALSE,FALSE,FALSE,selected_worker_not_in_candidates,selected_worker_not_in_candidates
evt_408||1193,evt_408,1193,same_department,23,1,0,0,FALSE,FALSE,TRUE,FALSE,usable,selected_worker_missing_salary
evt_408||2072,evt_408,2072,different_department,7,1,0,0,FALSE,FALSE,TRUE,FALSE,usable,selected_worker_missing_salary
evt_40||1642,evt_40,1642,same_department,29,0,0,0,FALSE,FALSE,FALSE,FALSE,selected_worker_not_in_candidates,selected_worker_not_in_candidates
evt_40||1972,evt_40,1972,different_department,3,1,0,0,FALSE,FALSE,TRUE,FALSE,usable,selected_worker_missing_salary
evt_40||6328,evt_40,6328,different_department,27,1,0,0,FALSE,FALSE,TRUE,FALSE,usable,selected_worker_missing_salary
evt_40||7506,evt_40,7506,different_department,68,1,0,0,FALSE,FALSE,TRUE,FALSE,usable,selected_worker_missing_salary
evt_40||7525,evt_40,7525,different_department,18,1,0,0,FALSE,FALSE,TRUE,FALSE,usable,selected_worker_missing_salary
evt_410||2071,evt_410,2071,same_department,44,1,0,0,FALSE,FALSE,TRUE,FALSE,usable,selected_worker_missing_salary
evt_410||8164,evt_410,8164,same_department,21,6,0,0,FALSE,FALSE,TRUE,FALSE,usable,selected_worker_missing_salary
evt_414||1896,evt_414,1896,same_section,28,4,0,0,FALSE,FALSE,TRUE,FALSE,usable,selected_worker_missing_salary
evt_417||1335,evt_417,1335,same_section,35,1,1,0,FALSE,FALSE,TRUE,FALSE,usable,selected_worker_missing_salary
evt_417||1449,evt_417,1449,same_section,115,1,23,0,FALSE,FALSE,TRUE,FALSE,usable,selected_worker_missing_salary
evt_419||1335,evt_419,1335,same_section,35,1,0,0,FALSE,FALSE,TRUE,FALSE,usable,selected_worker_missing_salary
evt_419||1449,evt_419,1449,same_section,115,5,0,0,FALSE,FALSE,TRUE,FALSE,usable,selected_worker_missing_salary
evt_41||2109,evt_41,2109,different_department,15,1,0,0,FALSE,FALSE,TRUE,FALSE,usable,selected_worker_missing_salary
evt_421||1449,evt_421,1449,same_section,115,4,0,0,FALSE,FALSE,TRUE,FALSE,usable,selected_worker_missing_salary
evt_424||1449,evt_424,1449,different_department,115,1,0,0,FALSE,FALSE,TRUE,FALSE,usable,selected_worker_missing_salary
evt_424||7484,evt_424,7484,different_department,3,0,0,0,FALSE,FALSE,FALSE,FALSE,selected_worker_not_in_candidates,selected_worker_not_in_candidates
evt_424||7506,evt_424,7506,different_department,68,1,0,0,FALSE,FALSE,TRUE,FALSE,usable,selected_worker_missing_salary
evt_425||1449,evt_425,1449,different_department,115,2,0,0,FALSE,FALSE,TRUE,FALSE,usable,selected_worker_missing_salary
evt_425||8358,evt_425,8358,different_department,61,1,0,0,FALSE,FALSE,TRUE,FALSE,usable,selected_worker_missing_salary
evt_427||1449,evt_427,1449,same_department,115,1,23,0,FALSE,FALSE,TRUE,FALSE,usable,selected_worker_missing_salary
evt_427||1794,evt_427,1794,same_department,12,4,7,0,FALSE,FALSE,TRUE,FALSE,usable,selected_worker_missing_salary
evt_427||2146,evt_427,2146,different_department,27,0,0,0,FALSE,FALSE,FALSE,FALSE,selected_worker_not_in_candidates,selected_worker_not_in_candidates
evt_427||2158,evt_427,2158,same_department,11,1,1,0,FALSE,FALSE,TRUE,FALSE,usable,selected_worker_missing_salary
evt_427||2159,evt_427,2159,same_department,11,1,0,0,FALSE,FALSE,TRUE,FALSE,usable,selected_worker_missing_salary
evt_429||2109,evt_429,2109,different_department,15,0,0,0,FALSE,FALSE,FALSE,FALSE,selected_worker_not_in_candidates,selected_worker_not_in_candidates
evt_430||8358,evt_430,8358,same_department,61,0,0,0,FALSE,FALSE,FALSE,FALSE,selected_worker_not_in_candidates,selected_worker_not_in_candidates
evt_431||6143,evt_431,6143,different_department,20,1,0,0,FALSE,FALSE,TRUE,FALSE,usable,selected_worker_missing_salary
evt_433||2125,evt_433,2125,different_department,9,0,4,0,FALSE,FALSE,FALSE,FALSE,selected_worker_not_in_candidates,selected_worker_not_in_candidates
evt_433||7782,evt_433,7782,different_department,34,1,0,0,FALSE,FALSE,TRUE,FALSE,usable,selected_worker_missing_salary
evt_436||1787,evt_436,1787,different_department,7,2,2,0,FALSE,FALSE,TRUE,FALSE,usable,selected_worker_missing_salary
evt_436||2109,evt_436,2109,different_department,15,1,4,0,FALSE,FALSE,TRUE,FALSE,usable,selected_worker_missing_salary
evt_436||8757,evt_436,8757,different_department,19,3,0,0,FALSE,FALSE,TRUE,FALSE,usable,selected_worker_missing_salary
evt_438||1787,evt_438,1787,different_department,7,3,0,0,FALSE,FALSE,TRUE,FALSE,usable,selected_worker_missing_salary
evt_438||2056,evt_438,2056,different_department,68,1,0,0,FALSE,FALSE,TRUE,FALSE,usable,selected_worker_missing_salary
evt_438||2109,evt_438,2109,different_department,15,8,0,0,FALSE,FALSE,TRUE,FALSE,usable,selected_worker_missing_salary
evt_438||8757,evt_438,8757,different_department,19,5,0,0,FALSE,FALSE,TRUE,FALSE,usable,selected_worker_missing_salary
evt_439||2071,evt_439,2071,different_department,44,1,0,0,FALSE,FALSE,TRUE,FALSE,usable,selected_worker_missing_salary
evt_43||8946,evt_43,8946,different_department,4,1,0,0,FALSE,FALSE,TRUE,FALSE,usable,selected_worker_missing_salary
evt_44||1233,evt_44,1233,same_department,24,8,0,0,FALSE,FALSE,TRUE,FALSE,usable,selected_worker_missing_salary
evt_44||2221,evt_44,2221,same_department,2,1,0,0,FALSE,FALSE,TRUE,FALSE,usable,selected_worker_missing_salary
evt_453||2071,evt_453,2071,same_department,44,3,8,0,FALSE,FALSE,TRUE,FALSE,usable,selected_worker_missing_salary
evt_454||1335,evt_454,1335,different_department,35,1,0,0,FALSE,FALSE,TRUE,FALSE,usable,selected_worker_missing_salary
evt_454||1919,evt_454,1919,same_section,15,1,0,0,FALSE,FALSE,TRUE,FALSE,usable,selected_worker_missing_salary
evt_454||2071,evt_454,2071,same_department,44,4,0,0,FALSE,FALSE,TRUE,FALSE,usable,selected_worker_missing_salary
evt_454||8164,evt_454,8164,same_department,21,1,0,0,FALSE,FALSE,TRUE,FALSE,usable,selected_worker_missing_salary
evt_455||2071,evt_455,2071,same_department,44,2,0,0,FALSE,FALSE,TRUE,FALSE,usable,selected_worker_missing_salary
evt_455||8358,evt_455,8358,different_department,61,1,0,0,FALSE,FALSE,TRUE,FALSE,usable,selected_worker_missing_salary
evt_45||1233,evt_45,1233,same_department,24,10,0,0,FALSE,FALSE,TRUE,FALSE,usable,selected_worker_missing_salary
evt_45||8594,evt_45,8594,same_department,12,1,0,0,FALSE,FALSE,TRUE,FALSE,usable,selected_worker_missing_salary
evt_460||2051,evt_460,2051,same_section,13,3,0,0,FALSE,FALSE,TRUE,FALSE,usable,selected_worker_missing_salary
evt_460||2071,evt_460,2071,same_department,44,5,8,0,FALSE,FALSE,TRUE,FALSE,usable,selected_worker_missing_salary
evt_460||8321,evt_460,8321,same_department,7,1,0,0,FALSE,FALSE,TRUE,FALSE,usable,selected_worker_missing_salary
evt_461||2051,evt_461,2051,same_section,13,8,0,0,FALSE,FALSE,TRUE,FALSE,usable,selected_worker_missing_salary
evt_461||2071,evt_461,2071,same_department,44,7,0,0,FALSE,FALSE,TRUE,FALSE,usable,selected_worker_missing_salary
evt_461||2123,evt_461,2123,same_department,14,0,0,0,FALSE,FALSE,FALSE,FALSE,selected_worker_not_in_candidates,selected_worker_not_in_candidates
evt_461||6946,evt_461,6946,different_department,11,1,0,0,FALSE,FALSE,TRUE,FALSE,usable,selected_worker_missing_salary
evt_461||7782,evt_461,7782,different_department,34,1,0,0,FALSE,FALSE,TRUE,FALSE,usable,selected_worker_missing_salary
evt_461||8321,evt_461,8321,same_department,7,3,0,0,FALSE,FALSE,TRUE,FALSE,usable,selected_worker_missing_salary
evt_464||5869,evt_464,5869,same_department,7,1,0,0,FALSE,FALSE,TRUE,FALSE,usable,selected_worker_missing_salary
evt_464||8358,evt_464,8358,different_department,61,1,0,0,FALSE,FALSE,TRUE,FALSE,usable,selected_worker_missing_salary
evt_46||1233,evt_46,1233,same_department,24,1,0,0,FALSE,FALSE,TRUE,FALSE,usable,selected_worker_missing_salary
evt_473||1642,evt_473,1642,different_department,29,1,0,0,FALSE,FALSE,TRUE,FALSE,usable,selected_worker_missing_salary
evt_473||6824,evt_473,6824,different_department,7,7,0,0,FALSE,FALSE,TRUE,FALSE,usable,selected_worker_missing_salary
evt_475||1919,evt_475,1919,different_department,15,1,2,0,FALSE,FALSE,TRUE,FALSE,usable,selected_worker_missing_salary
evt_475||2213,evt_475,2213,same_department,13,2,1,0,FALSE,FALSE,TRUE,FALSE,usable,selected_worker_missing_salary
evt_476||1233,evt_476,1233,different_department,24,1,0,0,FALSE,FALSE,TRUE,FALSE,usable,selected_worker_missing_salary
evt_476||1642,evt_476,1642,same_department,29,1,0,0,FALSE,FALSE,TRUE,FALSE,usable,selected_worker_missing_salary
evt_476||2213,evt_476,2213,same_department,13,6,0,0,FALSE,FALSE,TRUE,FALSE,usable,selected_worker_missing_salary
evt_476||7525,evt_476,7525,different_department,18,1,0,0,FALSE,FALSE,TRUE,FALSE,usable,selected_worker_missing_salary
evt_476||8358,evt_476,8358,different_department,61,1,0,0,FALSE,FALSE,TRUE,FALSE,usable,selected_worker_missing_salary
evt_478||1478,evt_478,1478,same_section,27,2,6,0,FALSE,FALSE,TRUE,FALSE,usable,selected_worker_missing_salary
evt_479||1478,evt_479,1478,same_section,27,0,0,0,FALSE,FALSE,FALSE,FALSE,selected_worker_not_in_candidates,selected_worker_not_in_candidates
evt_479||1896,evt_479,1896,same_section,28,3,0,0,FALSE,FALSE,TRUE,FALSE,usable,selected_worker_missing_salary
evt_47||8905,evt_47,8905,different_department,69,1,6,0,FALSE,FALSE,TRUE,FALSE,usable,selected_worker_missing_salary
evt_480||1478,evt_480,1478,same_section,27,1,0,0,FALSE,FALSE,TRUE,FALSE,usable,selected_worker_missing_salary
evt_481||1896,evt_481,1896,same_section,28,2,0,0,FALSE,FALSE,TRUE,FALSE,usable,selected_worker_missing_salary
evt_486||1896,evt_486,1896,same_section,28,3,1,0,FALSE,FALSE,TRUE,FALSE,usable,selected_worker_missing_salary
evt_488||1278,evt_488,1278,same_section,18,2,0,0,FALSE,FALSE,TRUE,FALSE,usable,selected_worker_missing_salary
evt_488||1538,evt_488,1538,different_department,4,2,0,0,FALSE,FALSE,TRUE,FALSE,usable,selected_worker_missing_salary
evt_488||1642,evt_488,1642,same_department,29,0,0,0,FALSE,FALSE,FALSE,FALSE,selected_worker_not_in_candidates,selected_worker_not_in_candidates
evt_488||6143,evt_488,6143,same_department,20,7,0,0,FALSE,FALSE,TRUE,FALSE,usable,selected_worker_missing_salary
evt_488||7782,evt_488,7782,same_department,34,0,0,0,FALSE,FALSE,FALSE,FALSE,selected_worker_not_in_candidates,selected_worker_not_in_candidates
evt_488||8882,evt_488,8882,different_department,3,1,0,0,FALSE,FALSE,TRUE,FALSE,usable,selected_worker_missing_salary
evt_489||1278,evt_489,1278,same_section,18,2,0,0,FALSE,FALSE,TRUE,FALSE,usable,selected_worker_missing_salary
evt_489||1566,evt_489,1566,same_department,2,1,0,0,FALSE,FALSE,TRUE,FALSE,usable,selected_worker_missing_salary
evt_489||2033,evt_489,2033,same_department,4,1,0,0,FALSE,FALSE,TRUE,FALSE,usable,selected_worker_missing_salary
evt_489||6143,evt_489,6143,same_department,20,1,0,0,FALSE,FALSE,TRUE,FALSE,usable,selected_worker_missing_salary
evt_489||7506,evt_489,7506,different_department,68,1,0,0,FALSE,FALSE,TRUE,FALSE,usable,selected_worker_missing_salary
evt_489||8490,evt_489,8490,different_department,46,1,0,0,FALSE,FALSE,TRUE,FALSE,usable,selected_worker_missing_salary
evt_491||6701,evt_491,6701,different_department,32,1,0,0,FALSE,FALSE,TRUE,FALSE,usable,selected_worker_missing_salary
evt_491||8358,evt_491,8358,different_department,61,1,0,0,FALSE,FALSE,TRUE,FALSE,usable,selected_worker_missing_salary
evt_492||2158,evt_492,2158,same_department,11,1,0,0,FALSE,FALSE,TRUE,FALSE,usable,selected_worker_missing_salary
evt_492||8594,evt_492,8594,different_department,12,2,0,0,FALSE,FALSE,TRUE,FALSE,usable,selected_worker_missing_salary
evt_497||1761,evt_497,1761,same_section,7,1,2,0,FALSE,FALSE,TRUE,FALSE,usable,selected_worker_missing_salary
evt_498||1317,evt_498,1317,same_section,16,3,0,0,FALSE,FALSE,TRUE,FALSE,usable,selected_worker_missing_salary
evt_498||8358,evt_498,8358,same_department,61,1,0,0,FALSE,FALSE,TRUE,FALSE,usable,selected_worker_missing_salary
evt_499||1317,evt_499,1317,same_section,16,2,0,0,FALSE,FALSE,TRUE,FALSE,usable,selected_worker_missing_salary
evt_499||2118,evt_499,2118,different_department,6,1,0,0,FALSE,FALSE,TRUE,FALSE,usable,selected_worker_missing_salary
evt_499||2138,evt_499,2138,same_department,21,1,0,0,FALSE,FALSE,TRUE,FALSE,usable,selected_worker_missing_salary
evt_49||6330,evt_49,6330,different_department,1,1,0,0,FALSE,FALSE,FALSE,FALSE,degenerate_choice_set,degenerate_choice_set
evt_50||1697,evt_50,1697,same_department,3,1,0,0,FALSE,FALSE,TRUE,FALSE,usable,selected_worker_missing_salary
evt_50||8594,evt_50,8594,different_department,12,1,0,0,FALSE,FALSE,TRUE,FALSE,usable,selected_worker_missing_salary
evt_511||1896,evt_511,1896,different_department,28,1,0,0,FALSE,FALSE,TRUE,FALSE,usable,selected_worker_missing_salary
evt_511||2123,evt_511,2123,different_department,14,1,0,0,FALSE,FALSE,TRUE,FALSE,usable,selected_worker_missing_salary
evt_511||2125,evt_511,2125,different_department,9,0,0,0,FALSE,FALSE,FALSE,FALSE,selected_worker_not_in_candidates,selected_worker_not_in_candidates
evt_511||6701,evt_511,6701,same_department,32,1,0,0,FALSE,FALSE,TRUE,FALSE,usable,selected_worker_missing_salary
evt_511||7748,evt_511,7748,different_department,5,1,0,0,FALSE,FALSE,TRUE,FALSE,usable,selected_worker_missing_salary
evt_511||7782,evt_511,7782,different_department,34,1,0,0,FALSE,FALSE,TRUE,FALSE,usable,selected_worker_missing_salary
evt_512||1449,evt_512,1449,different_department,115,1,0,0,FALSE,FALSE,TRUE,FALSE,usable,selected_worker_missing_salary
evt_512||8994,evt_512,8994,different_department,18,0,0,0,FALSE,FALSE,FALSE,FALSE,selected_worker_not_in_candidates,selected_worker_not_in_candidates
evt_513||1335,evt_513,1335,same_section,35,1,1,0,FALSE,FALSE,TRUE,FALSE,usable,selected_worker_missing_salary
evt_518||1642,evt_518,1642,same_department,29,2,1,0,FALSE,FALSE,TRUE,FALSE,usable,selected_worker_missing_salary
evt_518||2213,evt_518,2213,same_department,13,1,1,0,FALSE,FALSE,TRUE,FALSE,usable,selected_worker_missing_salary
evt_519||8690,evt_519,8690,different_department,19,1,0,0,FALSE,FALSE,TRUE,FALSE,usable,selected_worker_missing_salary
evt_51||1449,evt_51,1449,different_department,115,2,0,0,FALSE,FALSE,TRUE,FALSE,usable,selected_worker_missing_salary
evt_51||1642,evt_51,1642,same_department,29,2,0,0,FALSE,FALSE,TRUE,FALSE,usable,selected_worker_missing_salary
evt_51||1757,evt_51,1757,different_department,4,1,0,0,FALSE,FALSE,TRUE,FALSE,usable,selected_worker_missing_salary
evt_51||2033,evt_51,2033,same_department,4,1,0,0,FALSE,FALSE,TRUE,FALSE,usable,selected_worker_missing_salary
evt_51||5869,evt_51,5869,different_department,7,1,0,0,FALSE,FALSE,TRUE,FALSE,usable,selected_worker_missing_salary
evt_520||7506,evt_520,7506,different_department,68,1,0,0,FALSE,FALSE,TRUE,FALSE,usable,selected_worker_missing_salary
evt_522||1225,evt_522,1225,different_department,7,1,1,0,FALSE,FALSE,TRUE,FALSE,usable,selected_worker_missing_salary
evt_524||1225,evt_524,1225,different_department,7,1,0,0,FALSE,FALSE,TRUE,FALSE,usable,selected_worker_missing_salary
evt_524||1335,evt_524,1335,different_department,35,1,0,0,FALSE,FALSE,TRUE,FALSE,usable,selected_worker_missing_salary
evt_526||5884,evt_526,5884,different_department,4,1,0,0,FALSE,FALSE,TRUE,FALSE,usable,selected_worker_missing_salary
evt_526||8358,evt_526,8358,different_department,61,1,1,0,FALSE,FALSE,TRUE,FALSE,usable,selected_worker_missing_salary
evt_528||1130,evt_528,1130,same_section,15,2,7,0,FALSE,FALSE,TRUE,FALSE,usable,selected_worker_missing_salary
evt_530||1130,evt_530,1130,same_section,15,0,0,0,FALSE,FALSE,FALSE,FALSE,selected_worker_not_in_candidates,selected_worker_not_in_candidates
evt_530||2174,evt_530,2174,different_department,27,0,0,0,FALSE,FALSE,FALSE,FALSE,selected_worker_not_in_candidates,selected_worker_not_in_candidates
evt_530||6701,evt_530,6701,same_department,32,0,0,0,FALSE,FALSE,FALSE,FALSE,selected_worker_not_in_candidates,selected_worker_not_in_candidates
evt_531||1130,evt_531,1130,same_section,15,1,0,0,FALSE,FALSE,TRUE,FALSE,usable,selected_worker_missing_salary
evt_532||1335,evt_532,1335,different_department,35,0,0,0,FALSE,FALSE,FALSE,FALSE,selected_worker_not_in_candidates,selected_worker_not_in_candidates
evt_532||1449,evt_532,1449,different_department,115,1,0,0,FALSE,FALSE,TRUE,FALSE,usable,selected_worker_missing_salary
evt_533||7782,evt_533,7782,different_department,34,1,0,0,FALSE,FALSE,TRUE,FALSE,usable,selected_worker_missing_salary
evt_533||8164,evt_533,8164,different_department,21,1,0,0,FALSE,FALSE,TRUE,FALSE,usable,selected_worker_missing_salary
evt_533||8490,evt_533,8490,different_department,46,1,0,0,FALSE,FALSE,TRUE,FALSE,usable,selected_worker_missing_salary
evt_544||8882,evt_544,8882,different_department,3,1,0,0,FALSE,FALSE,TRUE,FALSE,usable,selected_worker_missing_salary
evt_547||1478,evt_547,1478,different_department,27,2,0,0,FALSE,FALSE,TRUE,FALSE,usable,selected_worker_missing_salary
evt_547||6953,evt_547,6953,same_department,71,1,0,0,FALSE,FALSE,TRUE,FALSE,usable,selected_worker_missing_salary
evt_553||8490,evt_553,8490,same_department,46,3,0,0,FALSE,FALSE,TRUE,FALSE,usable,selected_worker_missing_salary
evt_554||8490,evt_554,8490,same_department,46,8,0,0,FALSE,FALSE,TRUE,FALSE,usable,selected_worker_missing_salary
evt_555||2118,evt_555,2118,different_department,6,1,0,0,FALSE,FALSE,TRUE,FALSE,usable,selected_worker_missing_salary
evt_555||6953,evt_555,6953,same_department,71,6,0,0,FALSE,FALSE,TRUE,FALSE,usable,selected_worker_missing_salary
evt_555||7782,evt_555,7782,different_department,34,1,0,0,FALSE,FALSE,TRUE,FALSE,usable,selected_worker_missing_salary
evt_555||8490,evt_555,8490,same_department,46,1,0,0,FALSE,FALSE,TRUE,FALSE,usable,selected_worker_missing_salary
evt_555||8994,evt_555,8994,different_department,18,1,0,0,FALSE,FALSE,TRUE,FALSE,usable,selected_worker_missing_salary
evt_559||1190,evt_559,1190,different_department,70,5,0,0,FALSE,FALSE,TRUE,FALSE,usable,selected_worker_missing_salary
evt_559||1449,evt_559,1449,different_department,115,1,0,0,FALSE,FALSE,TRUE,FALSE,usable,selected_worker_missing_salary
evt_559||1676,evt_559,1676,different_department,12,1,0,0,FALSE,FALSE,TRUE,FALSE,usable,selected_worker_missing_salary
evt_559||2056,evt_559,2056,different_department,68,2,0,0,FALSE,FALSE,TRUE,FALSE,usable,selected_worker_missing_salary
evt_559||7051,evt_559,7051,different_department,17,2,0,0,FALSE,FALSE,TRUE,FALSE,usable,selected_worker_missing_salary
evt_559||7506,evt_559,7506,different_department,68,1,0,0,FALSE,FALSE,TRUE,FALSE,usable,selected_worker_missing_salary
evt_55||6701,evt_55,6701,same_department,32,0,17,0,FALSE,FALSE,FALSE,FALSE,selected_worker_not_in_candidates,selected_worker_not_in_candidates
evt_55||7506,evt_55,7506,different_department,68,2,8,0,FALSE,FALSE,TRUE,FALSE,usable,selected_worker_missing_salary
evt_560||8594,evt_560,8594,different_department,12,1,0,0,FALSE,FALSE,TRUE,FALSE,usable,selected_worker_missing_salary
evt_561||2056,evt_561,2056,different_department,68,1,0,0,FALSE,FALSE,TRUE,FALSE,usable,selected_worker_missing_salary
evt_564||1190,evt_564,1190,different_department,70,4,23,0,FALSE,FALSE,TRUE,FALSE,usable,selected_worker_missing_salary
evt_564||1449,evt_564,1449,different_department,115,2,0,0,FALSE,FALSE,TRUE,FALSE,usable,selected_worker_missing_salary
evt_564||1989,evt_564,1989,different_department,7,1,0,0,FALSE,FALSE,TRUE,FALSE,usable,selected_worker_missing_salary
evt_564||2056,evt_564,2056,different_department,68,6,26,0,FALSE,FALSE,TRUE,FALSE,usable,selected_worker_missing_salary
evt_564||6953,evt_564,6953,different_department,71,1,0,0,FALSE,FALSE,TRUE,FALSE,usable,selected_worker_missing_salary
evt_564||7051,evt_564,7051,different_department,17,3,8,0,FALSE,FALSE,TRUE,FALSE,usable,selected_worker_missing_salary
evt_564||8905,evt_564,8905,different_department,69,1,0,0,FALSE,FALSE,TRUE,FALSE,usable,selected_worker_missing_salary
evt_564||8994,evt_564,8994,same_department,18,1,0,0,FALSE,FALSE,TRUE,FALSE,usable,selected_worker_missing_salary
evt_566||7506,evt_566,7506,different_department,68,0,0,0,FALSE,FALSE,FALSE,FALSE,selected_worker_not_in_candidates,selected_worker_not_in_candidates
evt_566||8690,evt_566,8690,different_department,19,1,0,0,FALSE,FALSE,TRUE,FALSE,usable,selected_worker_missing_salary
evt_569||1335,evt_569,1335,same_section,35,1,0,0,FALSE,FALSE,TRUE,FALSE,usable,selected_worker_missing_salary
evt_570||1335,evt_570,1335,same_section,35,3,0,0,FALSE,FALSE,TRUE,FALSE,usable,selected_worker_missing_salary
evt_573||1538,evt_573,1538,different_department,4,1,0,0,FALSE,FALSE,TRUE,FALSE,usable,selected_worker_missing_salary
evt_578||7782,evt_578,7782,same_department,34,1,0,0,FALSE,FALSE,TRUE,FALSE,usable,selected_worker_missing_salary
evt_57||6701,evt_57,6701,same_department,32,1,0,0,FALSE,FALSE,TRUE,FALSE,usable,selected_worker_missing_salary
evt_57||7506,evt_57,7506,different_department,68,1,0,0,FALSE,FALSE,TRUE,FALSE,usable,selected_worker_missing_salary
evt_582||1225,evt_582,1225,different_department,7,1,0,0,FALSE,FALSE,TRUE,FALSE,usable,selected_worker_missing_salary
evt_582||1449,evt_582,1449,different_department,115,2,0,0,FALSE,FALSE,TRUE,FALSE,usable,selected_worker_missing_salary
evt_582||8490,evt_582,8490,different_department,46,1,0,0,FALSE,FALSE,TRUE,FALSE,usable,selected_worker_missing_salary
evt_585||8358,evt_585,8358,different_department,61,1,0,0,FALSE,FALSE,TRUE,FALSE,usable,selected_worker_missing_salary
evt_585||8690,evt_585,8690,different_department,19,1,0,0,FALSE,FALSE,TRUE,FALSE,usable,selected_worker_missing_salary
evt_586||1642,evt_586,1642,same_department,29,1,0,0,FALSE,FALSE,TRUE,FALSE,usable,selected_worker_missing_salary
evt_586||6143,evt_586,6143,same_department,20,6,0,0,FALSE,FALSE,TRUE,FALSE,usable,selected_worker_missing_salary
evt_586||6328,evt_586,6328,different_department,27,1,0,0,FALSE,FALSE,TRUE,FALSE,usable,selected_worker_missing_salary
evt_586||6983,evt_586,6983,different_department,2,1,0,0,FALSE,FALSE,TRUE,FALSE,usable,selected_worker_missing_salary
evt_587||1972,evt_587,1972,different_department,3,1,0,0,FALSE,FALSE,TRUE,FALSE,usable,selected_worker_missing_salary
evt_588||6701,evt_588,6701,same_department,32,9,0,0,FALSE,FALSE,TRUE,FALSE,usable,selected_worker_missing_salary
evt_58||1490,evt_58,1490,same_department,6,1,0,0,FALSE,FALSE,TRUE,FALSE,usable,selected_worker_missing_salary
evt_596||1449,evt_596,1449,same_section,115,4,23,0,FALSE,FALSE,TRUE,FALSE,usable,selected_worker_missing_salary
evt_598||1449,evt_598,1449,same_section,115,2,0,0,FALSE,FALSE,TRUE,FALSE,usable,selected_worker_missing_salary
evt_598||8905,evt_598,8905,same_section,69,1,0,0,FALSE,FALSE,TRUE,FALSE,usable,selected_worker_missing_salary
evt_59||1402,evt_59,1402,same_department,14,2,8,0,FALSE,FALSE,TRUE,FALSE,usable,selected_worker_missing_salary
evt_5||2056,evt_5,2056,different_department,68,1,0,0,FALSE,FALSE,TRUE,FALSE,usable,selected_worker_missing_salary
evt_603||7506,evt_603,7506,different_department,68,0,8,0,FALSE,FALSE,FALSE,FALSE,selected_worker_not_in_candidates,selected_worker_not_in_candidates
evt_603||8899,evt_603,8899,different_department,5,1,0,0,FALSE,FALSE,TRUE,FALSE,usable,selected_worker_missing_salary
evt_604||1190,evt_604,1190,different_department,70,1,0,0,FALSE,FALSE,TRUE,FALSE,usable,selected_worker_missing_salary
evt_604||2174,evt_604,2174,different_department,27,1,0,0,FALSE,FALSE,TRUE,FALSE,usable,selected_worker_missing_salary
evt_604||7506,evt_604,7506,different_department,68,1,0,0,FALSE,FALSE,TRUE,FALSE,usable,selected_worker_missing_salary
evt_605||1761,evt_605,1761,different_department,7,1,0,0,FALSE,FALSE,TRUE,FALSE,usable,selected_worker_missing_salary
evt_607||2183,evt_607,2183,different_department,83,0,0,0,FALSE,FALSE,FALSE,FALSE,selected_worker_not_in_candidates,selected_worker_not_in_candidates
evt_60||1402,evt_60,1402,same_department,14,1,0,0,FALSE,FALSE,TRUE,FALSE,usable,selected_worker_missing_salary
evt_60||8994,evt_60,8994,different_department,18,2,0,0,FALSE,FALSE,TRUE,FALSE,usable,selected_worker_missing_salary
evt_610||2145,evt_610,2145,same_section,21,0,0,0,FALSE,FALSE,FALSE,FALSE,selected_worker_not_in_candidates,selected_worker_not_in_candidates
evt_610||2146,evt_610,2146,same_section,27,0,0,0,FALSE,FALSE,FALSE,FALSE,selected_worker_not_in_candidates,selected_worker_not_in_candidates
evt_611||2146,evt_611,2146,same_section,27,0,0,0,FALSE,FALSE,FALSE,FALSE,selected_worker_not_in_candidates,selected_worker_not_in_candidates
evt_612||2146,evt_612,2146,same_section,27,1,0,0,FALSE,FALSE,TRUE,FALSE,usable,selected_worker_missing_salary
evt_61||7506,evt_61,7506,different_department,68,1,0,0,FALSE,FALSE,TRUE,FALSE,usable,selected_worker_missing_salary
evt_621||2174,evt_621,2174,same_section,27,3,0,0,FALSE,FALSE,TRUE,FALSE,usable,selected_worker_missing_salary
evt_622||5869,evt_622,5869,different_department,7,1,0,0,FALSE,FALSE,TRUE,FALSE,usable,selected_worker_missing_salary
evt_622||5884,evt_622,5884,different_department,4,1,0,0,FALSE,FALSE,TRUE,FALSE,usable,selected_worker_missing_salary
evt_623||8358,evt_623,8358,different_department,61,1,0,0,FALSE,FALSE,TRUE,FALSE,usable,selected_worker_missing_salary
evt_624||2003,evt_624,2003,different_department,5,1,0,0,FALSE,FALSE,TRUE,FALSE,usable,selected_worker_missing_salary
evt_624||7506,evt_624,7506,different_department,68,1,0,0,FALSE,FALSE,TRUE,FALSE,usable,selected_worker_missing_salary
evt_624||8358,evt_624,8358,different_department,61,1,0,0,FALSE,FALSE,TRUE,FALSE,usable,selected_worker_missing_salary
evt_627||2159,evt_627,2159,same_department,11,0,0,0,FALSE,FALSE,FALSE,FALSE,selected_worker_not_in_candidates,selected_worker_not_in_candidates
evt_628||1335,evt_628,1335,different_department,35,1,1,0,FALSE,FALSE,TRUE,FALSE,usable,selected_worker_missing_salary
evt_628||1989,evt_628,1989,different_department,7,1,0,0,FALSE,FALSE,TRUE,FALSE,usable,selected_worker_missing_salary
evt_633||1642,evt_633,1642,different_department,29,0,0,0,FALSE,FALSE,FALSE,FALSE,selected_worker_not_in_candidates,selected_worker_not_in_candidates
evt_633||6233,evt_633,6233,different_department,1,1,0,0,FALSE,FALSE,FALSE,FALSE,degenerate_choice_set,degenerate_choice_set
evt_633||7782,evt_633,7782,different_department,34,6,0,0,FALSE,FALSE,TRUE,FALSE,usable,selected_worker_missing_salary
evt_633||8358,evt_633,8358,different_department,61,4,0,0,FALSE,FALSE,TRUE,FALSE,usable,selected_worker_missing_salary
evt_633||8690,evt_633,8690,different_department,19,1,0,0,FALSE,FALSE,TRUE,FALSE,usable,selected_worker_missing_salary
evt_636||2183,evt_636,2183,same_department,83,1,0,0,FALSE,FALSE,TRUE,FALSE,usable,selected_worker_missing_salary
evt_642||7506,evt_642,7506,different_department,68,4,0,0,FALSE,FALSE,TRUE,FALSE,usable,selected_worker_missing_salary
evt_643||8905,evt_643,8905,different_department,69,1,0,0,FALSE,FALSE,TRUE,FALSE,usable,selected_worker_missing_salary
evt_644||2003,evt_644,2003,different_department,5,1,0,0,FALSE,FALSE,TRUE,FALSE,usable,selected_worker_missing_salary
evt_644||7506,evt_644,7506,different_department,68,3,0,0,FALSE,FALSE,TRUE,FALSE,usable,selected_worker_missing_salary
evt_646||1478,evt_646,1478,different_department,27,1,0,0,FALSE,FALSE,TRUE,FALSE,usable,selected_worker_missing_salary
evt_646||1555,evt_646,1555,same_department,37,6,0,0,FALSE,FALSE,TRUE,FALSE,usable,selected_worker_missing_salary
evt_646||2183,evt_646,2183,same_department,83,1,0,0,FALSE,FALSE,TRUE,FALSE,usable,selected_worker_missing_salary
evt_648||1105,evt_648,1105,different_department,1,1,0,0,FALSE,FALSE,FALSE,FALSE,degenerate_choice_set,degenerate_choice_set
evt_648||8594,evt_648,8594,different_department,12,1,0,0,FALSE,FALSE,TRUE,FALSE,usable,selected_worker_missing_salary
evt_649||8490,evt_649,8490,different_department,46,1,0,0,FALSE,FALSE,TRUE,FALSE,usable,selected_worker_missing_salary
evt_659||2158,evt_659,2158,same_department,11,1,0,0,FALSE,FALSE,TRUE,FALSE,usable,selected_worker_missing_salary
evt_660||6328,evt_660,6328,different_department,27,0,0,0,FALSE,FALSE,FALSE,FALSE,selected_worker_not_in_candidates,selected_worker_not_in_candidates
evt_6||1752,evt_6,1752,different_department,21,1,0,0,FALSE,FALSE,TRUE,FALSE,usable,selected_worker_missing_salary
evt_73||6953,evt_73,6953,same_department,71,1,0,0,FALSE,FALSE,TRUE,FALSE,usable,selected_worker_missing_salary
evt_83||1449,evt_83,1449,different_department,115,1,0,0,FALSE,FALSE,TRUE,FALSE,usable,selected_worker_missing_salary
evt_84||2146,evt_84,2146,different_department,27,1,0,0,FALSE,FALSE,TRUE,FALSE,usable,selected_worker_missing_salary
evt_86||1449,evt_86,1449,different_department,115,4,23,0,FALSE,FALSE,TRUE,FALSE,usable,selected_worker_missing_salary
evt_86||1757,evt_86,1757,different_department,4,1,0,0,FALSE,FALSE,TRUE,FALSE,usable,selected_worker_missing_salary
evt_86||8358,evt_86,8358,different_department,61,1,1,0,FALSE,FALSE,TRUE,FALSE,usable,selected_worker_missing_salary
evt_86||8490,evt_86,8490,same_department,46,2,0,0,FALSE,FALSE,TRUE,FALSE,usable,selected_worker_missing_salary
evt_87||1449,evt_87,1449,different_department,115,3,0,0,FALSE,FALSE,TRUE,FALSE,usable,selected_worker_missing_salary
evt_87||2174,evt_87,2174,different_department,27,1,0,0,FALSE,FALSE,TRUE,FALSE,usable,selected_worker_missing_salary
evt_88||1449,evt_88,1449,different_department,115,1,0,0,FALSE,FALSE,TRUE,FALSE,usable,selected_worker_missing_salary
evt_8||1147,evt_8,1147,same_section,7,1,0,0,FALSE,FALSE,TRUE,FALSE,usable,selected_worker_missing_salary
evt_90||1190,evt_90,1190,different_department,70,1,0,0,FALSE,FALSE,TRUE,FALSE,usable,selected_worker_missing_salary
evt_90||7051,evt_90,7051,different_department,17,2,0,0,FALSE,FALSE,TRUE,FALSE,usable,selected_worker_missing_salary
evt_91||1225,evt_91,1225,different_department,7,1,0,0,FALSE,FALSE,TRUE,FALSE,usable,selected_worker_missing_salary
evt_91||2056,evt_91,2056,different_department,68,1,0,0,FALSE,FALSE,TRUE,FALSE,usable,selected_worker_missing_salary
evt_91||7051,evt_91,7051,different_department,17,3,0,0,FALSE,FALSE,TRUE,FALSE,usable,selected_worker_missing_salary
evt_91||8490,evt_91,8490,different_department,46,1,0,0,FALSE,FALSE,TRUE,FALSE,usable,selected_worker_missing_salary
evt_93||1449,evt_93,1449,different_department,115,0,0,0,FALSE,FALSE,FALSE,FALSE,selected_worker_not_in_candidates,selected_worker_not_in_candidates
evt_94||1449,evt_94,1449,different_department,115,3,0,0,FALSE,FALSE,TRUE,FALSE,usable,selected_worker_missing_salary
evt_94||7782,evt_94,7782,same_department,34,2,0,0,FALSE,FALSE,TRUE,FALSE,usable,selected_worker_missing_salary
evt_9||1147,evt_9,1147,same_section,7,6,0,0,FALSE,FALSE,TRUE,FALSE,usable,selected_worker_missing_salary
evt_9||1919,evt_9,1919,same_department,15,1,0,0,FALSE,FALSE,TRUE,FALSE,usable,selected_worker_missing_salary
evt_9||8164,evt_9,8164,same_department,21,1,0,0,FALSE,FALSE,TRUE,FALSE,usable,selected_worker_missing_salary
evt_9||8321,evt_9,8321,same_department,7,1,0,0,FALSE,FALSE,TRUE,FALSE,usable,selected_worker_missing_salary
