year,kyoku,ka,ka_group
1934,,文書課,461
1934,中央卸売市場,企画課,30
1934,保健局,下水課,141
1934,保健局,下谷区出張所,1179
1934,保健局,中野区出張所,3
1934,保健局,京橋区出張所,1167
1934,保健局,公園課,51
1934,保健局,向島区出張所,908
1934,保健局,品川区出張所,3
1934,保健局,城東区出張所,67
1934,保健局,小室,1
1934,保健局,小石川区出張所,1163
1934,保健局,庶務課,44
1934,保健局,所,19
1934,保健局,擴張課,19
1934,保健局,日本橋区出張所,1169
1934,保健局,木場,83
1934,保健局,本所区出張所,1156
1934,保健局,本郷区出張所,1168
1934,保健局,杉並区出張所,20
1934,保健局,板橋区出張所,890
1934,保健局,業務課,1
1934,保健局,浅草区出張所,1178
1934,保健局,清掃課,44
1934,保健局,王子区出張所,67
1934,保健局,神田区出張所,1164
1934,保健局,給水課,1
1934,保健局,芝区出張所,328
1934,保健局,葛飾区出張所,142
1934,保健局,赤坂区出張所,190
1934,保健局,足立区出張所,67
1934,保健局,道路建設課,6
1934,保健局,道路管理課,5
1934,保健局,麹町区出張所,860
1934,告補助局,下谷区役所,82
1934,告補助局,世田谷区役所,25
1934,告補助局,中野区役所,94
1934,告補助局,京橋区役所,106
1934,告補助局,会計課,84
1934,告補助局,会議室,143
1934,告補助局,収納課,29
1934,告補助局,古石場,41
1934,告補助局,司長室,1339
1934,告補助局,向島区役所,49
1934,告補助局,品川区役所,98
1934,告補助局,四谷区役所,90
1934,告補助局,城東区役所,100
1934,告補助局,大森区役所,101
1934,告補助局,室,184
1934,告補助局,小石川区役所,1023
1934,告補助局,新宿派出所,849
1934,告補助局,日本橋区役所,29
1934,告補助局,本所区役所,43
1934,告補助局,本郷区役所,99
1934,告補助局,杉並区役所,88
1934,告補助局,橋場,27
1934,告補助局,江戸川区役所,186
1934,告補助局,浅草区役所,43
1934,告補助局,淀橋区役所,25
1934,告補助局,深川区役所,97
1934,告補助局,牛込区役所,933
1934,告補助局,玉川派出所,25
1934,告補助局,王子区役所,95
1934,告補助局,療養所,137
1934,告補助局,目黒区役所,50
1934,告補助局,神田区役所,29
1934,告補助局,練馬派出所,95
1934,告補助局,芝区役所,89
1934,告補助局,茅場,63
1934,告補助局,草場,63
1934,告補助局,荏原区役所,50
1934,告補助局,荒川区役所,87
1934,告補助局,葛飾区役所,102
1934,告補助局,蒲田区役所,93
1934,告補助局,調布派出所,1075
1934,告補助局,議事課,27
1934,告補助局,赤坂区役所,329
1934,告補助局,足立区役所,49
1934,告補助局,電車課,1343
1934,告補助局,麹町区役所,29
1934,土木局,擴張課,1227
1934,土木局,課,1349
1934,市会事務局,156〃職工詰所,1347
1934,教育局,体育課,34
1934,教育局,社会教育課,104
1934,教育局,茅場,34
1934,東京市内一郵便局,市公報報告主任大野室,1281
1934,東京市内一郵便局,文書課,28
1934,東京市内一郵便局,東京市役所,802
1934,東京市内一郵便局,職員課,28
1934,監査局,区政課,1028
1934,監査局,庶務課,188
1934,監査局,監察課,68
1934,監査局,統計課,85
1934,監査局,都市計画課,86
1934,社会局,保護課,327
1934,社会局,古石場,42
1934,社会局,品川職業紹介所,44
1934,社会局,宿治所,1295
1934,社会局,宿泊所,96
1934,社会局,庶務課,105
1934,社会局,石場,189
1934,社会局,福利課,1293
1934,社会局,職業課,52
1934,財務局,主計課,66
1934,財務局,会計課,1
1934,財務局,公債課,66
1934,財務局,兵事課・会計課,1351
1934,財務局,収納課,1
1934,財務局,古石場,948
1934,財務局,商工課,65
1934,財務局,地理課,2
1934,財務局,室,324
1934,財務局,宮〓業組合所,1284
1934,財務局,工年現場,135
1934,財務局,所,1283
1934,財務局,杉並区役所,585
1934,財務局,洲崎三業組合所,187
1934,財務局,経理課,103
1934,財務局,自動車課,136
1934,財務局,農漁課,64
1934,財務局,麻布区役所,480
1934,電気局,会計課,4
1934,電気局,労働課,35
1934,電気局,印刷工場,4
1934,電気局,室,2
1934,電気局,庶務課,2
1934,電気局,庶務課試験課研究課,1279
1934,電気局,電車課,91
1934,電気局局,工事課,138
1934,電気局局,工務課,326
1934,電気局局,庶務課,185
1934,電気局局,自動車課,139
1934,電気局局,芝浦診族所,4
1934,電気局局,電力課,31
1934,電気局局,電燈課,92
1934,養育院,会計課,0
1934,養育院,医務課,0
1934,養育院,庶務課,1199
1934,養育院,監護課,1249
1934,養育院,研究課,26
1934,養育院,試験課,569
1934,養育院,院長室,1209
1935,,東京市役所,803
1935,,祕書課,191
1935,,職員課,28
1935,中央卸売市場,企画課,30
1935,中央卸売市場,公園課,1350
1935,中央卸売市場,庶務課,1364
1935,中央卸売市場,業務課,1362
1935,中央卸売市場,監理課,30
1935,保健局,古石場,325
1935,保健局,知識階級職業紹介所,331
1935,告補局,庶務課,107
1935,告補局,技術課,14
1935,告補局,異鴨診療所,1203
1935,告補局,芝浦診療所,4
1935,土木局,下水課,141
1935,土木局,世田谷区出張所,3
1935,土木局,会計課,4
1935,土木局,労働課,35
1935,土木局,品川区出張所,3
1935,土木局,土木試験所,1161
1935,土木局,庶務課,2
1935,土木局,日本橋区出張所,140
1935,土木局,木場,83
1935,土木局,杉並区出張所,20
1935,土木局,業務課,1064
1935,土木局,江戸川区出張所,142
1935,土木局,河川課,6
1935,土木局,深川区出張所,1157
1935,土木局,神田区出張所,1175
1935,土木局,自働車課,139
1935,土木局,荒川区出張所,67
1935,土木局,道路建設課,5
1935,土木局,道路管理課,5
1935,土木局,電車課,91
1935,土木局,麹町区出張所,861
1935,土木局,麻布区出張所,190
1935,教育局,中野縣業紹介所,52
1935,教育局,企整課,135
1935,教育局,体育課,34
1935,教育局,保護課,42
1935,教育局,公園課,51
1935,教育局,古石場,42
1935,教育局,宿治所,1296
1935,教育局,宿泊所,96
1935,教育局,富川町宿泊所,189
1935,教育局,庶務課,105
1935,教育局,浅草区役所,485
1935,教育局,深川一泊所,1130
1935,教育局,社会教育課,104
1935,教育局,紹介所,44
1935,教育局,職業課,52
1935,教育局,自動車課,136
1935,教育局,茅場,34
1935,教育局,視学課,34
1935,教育局,郷谷草所,736
1935,教育局,都市計画課,1011
1935,教育局,麻布区役所,481
1935,水道局,小室,1
1935,水道局,庶務課,26
1935,水道局,擴張課,19
1935,水道局,業務課,1
1935,水道局,舍計課,1
1935,監査局,主計課,66
1935,監査局,会計課,1
1935,監査局,区政課,145
1935,監査局,収納課,1
1935,監査局,商工課,65
1935,監査局,地理課,2
1935,監査局,庶務課,188
1935,監査局,洲崎三業組合所,187
1935,監査局,監察課,68
1935,監査局,経理課,103
1935,監査局,統計課,85
1935,監査局,農漁課,64
1935,監査局,都市計画課,86
1935,電気局,電事務室,143
1935,養育院,下谷区役所,82
1935,養育院,世田谷区役所,25
1935,養育院,中野区役所,94
1935,養育院,京橋区役所,106
1935,養育院,会計課,0
1935,養育院,労働課,1361
1935,養育院,医務課,0
1935,養育院,古石場,41
1935,養育院,向島区役所,49
1935,養育院,品川区役所,98
1935,養育院,四谷区役所,90
1935,養育院,城東区役所,100
1935,養育院,場場,184
1935,養育院,大場,41
1935,養育院,大森区役所,101
1935,養育院,室,1338
1935,養育院,小石川区役所,144
1935,養育院,工事課,138
1935,養育院,庶務課,185
1935,養育院,文書課,43
1935,養育院,新宿派出所,1244
1935,養育院,日本橋区役所,29
1935,養育院,本所区役所,43
1935,養育院,本郷区役所,99
1935,養育院,杉並区役所,88
1935,養育院,東京市役所,1176
1935,養育院,板橋区役所,95
1935,養育院,橋場,27
1935,養育院,江戸川区役所,186
1935,養育院,浅草区役所,43
1935,養育院,淀橋区役所,25
1935,養育院,深川区役所,97
1935,養育院,牛込区役所,84
1935,養育院,玉川派出所,25
1935,養育院,療養所,137
1935,養育院,監護課,69
1935,養育院,目黒区役所,50
1935,養育院,石神并派出所,822
1935,養育院,研究課,26
1935,養育院,神田区役所,29
1935,養育院,芝区役所,89
1935,養育院,茅場,63
1935,養育院,草場,63
1935,養育院,荏原区役所,50
1935,養育院,荒川区役所,87
1935,養育院,葛飾区役所,102
1935,養育院,蒲田区役所,93
1935,養育院,試験課,570
1935,養育院,調布派出所,1330
1935,養育院,議事課,27
1935,養育院,赤坂区役所,931
1935,養育院,足立区役所,49
1935,養育院,院長室,1326
1935,養育院,電力課,31
1935,養育院,電燈課,92
1935,養育院,電車課,1344
1935,養育院,麹町区役所,29
1935,養育院,麻布区役所,27
1936,,}地方課,458
1936,,三本所,923
1936,,三河島診療所,647
1936,,上野税務出張所,537
1936,,会計課,581
1936,,八王子土木出張所,496
1936,,八王子市役所,592
1936,,北多摩税務出張所,857
1936,,北豊島税務出張所,758
1936,,区政課,460
1936,,千住土木出張所,864
1936,,南多摩税務出張所,853
1936,,南葛飾税務出張所,549
1936,,南足立税務出張所,42
1936,,品川土木出張所,859
1936,,品川土木出張所淀橋土木出張所,707
1936,,商工課,499
1936,,営林署,793
1936,,営繕課,488
1936,,土木庶務課,482
1936,,土木部土木庶務課,466
1936,,地方課,575
1936,,大場,838
1936,,大島現業場,344
1936,,官幣大社明治神宮外苑営理署,886
1936,,官幣大社明治神宮外苑管理署,591
1936,,家具工養成所,146
1936,,小室,920
1936,,小松川土木出張所,572
1936,,屬営林署,671
1936,,府中土木出張所,722
1936,,府立八王子健康相談所,538
1936,,府立染織試験場,527
1936,,府立農事試験場,512
1936,,府立農事講習所,469
1936,,府立青年学校教員養成所,337
1936,,庶務課,462
1936,,所,338
1936,,整地課,738
1936,,日野塚場,719
1936,,書主次所,596
1936,,月技屬課,529
1936,,東京市役所,805
1936,,板橋土木出張所,863
1936,,林木生署,796
1936,,橋梁課,465
1936,,機械工養成所,345
1936,,水産試験場,516
1936,,河港課,334
1936,,淀橋土木出張所,862
1936,,瀝青乳劑製造工場,705
1936,,瀝青混合及ブロツク製作工場,767
1936,,熊川砂利採取工場,765
1936,,田所,750
1936,,社会課,595
1936,,種畜場,503
1936,,第一河川改良事務所,493
1936,,第一道路改修事務所,489
1936,,第二河川改良事務所,494
1936,,第二道路改修事務所,536
1936,,経理課,477
1936,,繭検定所,507
1936,,茅場,335
1936,,草場,342
1936,,荏原税務出張所,556
1936,,蠶業取締所,524
1936,,蠶業取締所福生支所,807
1936,,蠶業取締所立川支所,510
1936,,蠶業試験場,709
1936,,西巣鴨共同住宅管理事務所,498
1936,,西巣鴨診療所,639
1936,,課,532
1936,,調査課,339
1936,,豊多摩税務出張所,554
1936,,農林産物検査所三宅島出張所,716
1936,,農林産物検査所八丈島出張所,718
1936,,農林産物検査所八王子出張所,696
1936,,農林産物検査所大島出張所,713
1936,,農林産物検査所府中出張所,541
1936,,農林産物検査所東京出張所,689
1936,,農林産物検査所青梅出張所,692
1936,,農林課,341
1936,,道路課,475
1936,,青梅土木出張所,868
1936,,～○品川診療所三ツ木出張所,624
1936,中央卸売市場,企画課,30
1936,中央卸売市場,監理課,30
1936,保健局,公園課,51
1936,保健局,庶務課,44
1936,保健局,清掃課,146
1936,市会事務局,会計課,1345
1936,市会事務局,労働課,1378
1936,市会事務局,印刷所若松印刷所,944
1936,市会事務局,古石場,41
1936,市会事務局,大場,41
1936,市会事務局,室,1297
1936,市会事務局,小室,340
1936,市会事務局,庶務課,196
1936,市会事務局,文書課,28
1936,市会事務局,書課,191
1936,市会事務局,東京市役所,501
1936,市会事務局,橋場,336
1936,市会事務局,職員課,28
1936,市会事務局,茅場,63
1936,市会事務局,議事課,27
1936,教育局,人宿治所,1292
1936,教育局,体育課,34
1936,教育局,保護課,42
1936,教育局,古石場,42
1936,教育局,容野設所,135
1936,教育局,宿治所,96
1936,教育局,庶務課,105
1936,教育局,日黒区役所,1381
1936,教育局,田区役所,1235
1936,教育局,社会教育課,104
1936,教育局,職業課,52
1936,教育局,自動車課,136
1936,教育局,荒川区役所,1380
1936,教育局,視学課,34
1936,教育局,設案内所,1019
1936,歩補助局,会計課,4
1936,歩補助局,労働課,35
1936,歩補助局,地所課,30
1936,歩補助局,工務課,4
1936,歩補助局,庶務課,107
1936,歩補助局,技術課,14
1936,歩補助局,自動車課,139
1936,歩補助局,電力課,31
1936,歩補助局,電燈課,92
1936,歩補助局,電車課,91
1936,水道局,下水課,141
1936,水道局,会計課,1
1936,水道局,小室,1
1936,水道局,庶務課,26
1936,水道局,所,1
1936,水道局,擴張課,19
1936,水道局,木場,83
1936,水道局,業務課,1
1936,水道局,給水課,147
1936,海外出張中局,下谷区出張所,3
1936,海外出張中局,世田谷区出張所,3
1936,海外出張中局,中野区出張所,1181
1936,海外出張中局,京橋区出張所,140
1936,海外出張中局,四谷区出張所,333
1936,海外出張中局,庶務課,2
1936,海外出張中局,建築課,10
1936,海外出張中局,日本橋区出張所,1373
1936,海外出張中局,本所区出張所,1323
1936,海外出張中局,本郷区出張所,1320
1936,海外出張中局,杉並区出張所,20
1936,海外出張中局,板橋区出張所,20
1936,海外出張中局,江戸川区出張所,142
1936,海外出張中局,河川課,6
1936,海外出張中局,淀橋区出張所,1159
1936,海外出張中局,深川区出張所,3
1936,海外出張中局,蒲田区出張所,1153
1936,海外出張中局,足立区出張所,67
1936,海外出張中局,道路建設課,5
1936,海外出張中局,道路管理課,5
1936,海外出張中局,麹町区出張所,1165
1936,海外出張中局,麻布区出張所,1152
1936,産業局,商工課,65
1936,産業局,庶務課,332
1936,産業局,農漁課,64
1936,監査局,区政課,145
1936,監査局,庶務課,1183
1936,監査局,監察課,68
1936,監査局,統計課,85
1936,監査局,都市計画課,86
1936,財務局,主税課,1
1936,財務局,主計課,66
1936,財務局,会計課,1
1936,財務局,公債課,1
1936,財務局,地理課,2
1936,財務局,経理課,103
1936,電気局,下水課,1348
1936,電気局,二電事務室,143
1936,電気局,工事課,1280
1936,電気局,庶務課,808
1936,電気局,所,1379
1936,電気局,電話交換室,1365
1936,養育院,下谷区役所,82
1936,養育院,世田谷区役所,25
1936,養育院,中野区役所,94
1936,養育院,京橋区役所,106
1936,養育院,医務課,0
1936,養育院,品川区役所,98
1936,養育院,四谷区役所,90
1936,養育院,城東区役所,100
1936,養育院,外來診療所,1250
1936,養育院,大森区役所,101
1936,養育院,小石川区役所,144
1936,養育院,工事課,21
1936,養育院,庶務課,138
1936,養育院,新宿派出所,1174
1936,養育院,本郷区役所,99
1936,養育院,杉並区役所,88
1936,養育院,板橋区役所,95
1936,養育院,江戸川区役所,330
1936,養育院,浅草区役所,43
1936,養育院,淀橋区役所,25
1936,養育院,深川区役所,97
1936,養育院,牛込区役所,84
1936,養育院,玉川派出所,25
1936,養育院,王子区役所,192
1936,養育院,田所,137
1936,養育院,療養所,1375
1936,養育院,目黒区役所,50
1936,養育院,研究課,26
1936,養育院,管理課,197
1936,養育院,練馬派出所,1337
1936,養育院,芝区役所,89
1936,養育院,荒川区役所,87
1936,養育院,葛飾区役所,102
1936,養育院,蒲田区役所,93
1936,養育院,試験課,568
1936,養育院,調布派出所,1331
1936,養育院,赤坂区役所,194
1936,養育院,足立区役所,49
1936,養育院,院長室,69
1936,養育院,電気研究所,1170
1936,養育院,麹町区役所,29
1936,養育院,麻布区役所,27
1937,,区政課,1382
1937,,東京市役所,1366
1937,下(社会局,下谷区役所,82
1937,下(社会局,品川区役所,98
1937,下(社会局,四谷区役所,90
1937,下(社会局,小石川区役所,144
1937,下(社会局,本所区役所,43
1937,下(社会局,本郷区役所,99
1937,下(社会局,浅草区役所,354
1937,下(社会局,深川区役所,97
1937,下(社会局,牛込区役所,84
1937,下(社会局,目黒区役所,50
1937,下(社会局,荏原区役所,347
1937,下(社会局,赤坂区役所,194
1937,九(計会局,世田谷区役所,25
1937,九(計会局,中野区役所,94
1937,九(計会局,大森区役所,101
1937,九(計会局,杉並区役所,88
1937,九(計会局,蒲田区役所,93
1937,九(計会局,調布派出所,1210
1937,五社会局,向島区役所,350
1937,五社会局,城東区役所,100
1937,五社会局,板橋区役所,346
1937,五社会局,江戸川区役所,348
1937,五社会局,王子区役所,192
1937,五社会局,石神井派出所,700
1937,五社会局,葛飾区役所,102
1937,五社会局,足立区役所,49
1937,保健局,庶務課,44
1937,八五(社会局,京橋区役所,106
1937,八五(社会局,日木橋区役所,29
1937,八五(社会局,芝区役所,89
1937,八五(社会局,麻布区役所,27
1937,八王子郵便局,文書課,28
1937,八王子郵便局,東京市役所,15
1937,八王子郵便局,秘書課,195
1937,八王子郵便局,職員課,28
1937,告補助局,下水課,1321
1937,告補助局,会計課,1
1937,告補助局,公園課,51
1937,告補助局,小室,1
1937,告補助局,工事課,21
1937,告補助局,庶務課,26
1937,告補助局,擴張課,19
1937,告補助局,木場,83
1937,告補助局,業務課,1
1937,告補助局,清掃課,146
1937,告補助局,給水課,147
1937,土木局,下谷区出張所,3
1937,土木局,世田谷区出張所,3
1937,土木局,中野区出張所,3
1937,土木局,京橋区出張所,199
1937,土木局,向島区出張所,202
1937,土木局,品川区出張所,1324
1937,土木局,四谷区出張所,3
1937,土木局,土木試験所,6
1937,土木局,城東区出張所,206
1937,土木局,小石川区出張所,3
1937,土木局,庶務課,2
1937,土木局,建築課,10
1937,土木局,日本橋区出張所,205
1937,土木局,杉並区出張所,20
1937,土木局,板橋区出張所,20
1937,土木局,江戸川区出張所,109
1937,土木局,河川課,6
1937,土木局,深川区出張所,3
1937,土木局,王子区出張所,20
1937,土木局,目黒区出張所,3
1937,土木局,神田区出張所,1166
1937,土木局,芝区出張所,140
1937,土木局,荏原区出張所,3
1937,土木局,荒川区出張所,1186
1937,土木局,葛飾区出張所,109
1937,土木局,蒲田区出張所,200
1937,土木局,赤坂区出張所,1162
1937,土木局,足立区出張所,193
1937,土木局,道路建設課,5
1937,土木局,道路管理課,5
1937,土木局,麹町区出張所,36
1937,土木局,麻布区出張所,71
1937,市会事務局,古石場,41
1937,市会事務局,大場,203
1937,市会事務局,室,1298
1937,市会事務局,庶務課,196
1937,市会事務局,揚場,774
1937,市会事務局,議事課,27
1937,教育局,体育課,34
1937,教育局,庶務課,105
1937,教育局,田旧室,104
1937,教育局,社会教育課,1126
1937,産業局,商工課,65
1937,産業局,農漁課,64
1937,監査局,区政課,145
1937,監査局,大場,85
1937,監査局,庶務課,28
1937,監査局,監査課,68
1937,監査局,統計課,8
1937,監査局,都市計画課,86
1937,社会局,人宿治所,1354
1937,社会局,保護課,361
1937,社会局,古石場,42
1937,社会局,宿泊所,96
1937,社会局,庶務課,359
1937,社会局,深川一泊所,1131
1937,社会局,職業課,52
1937,社会局,荒川区役所,87
1937,社会局,面事務所,1387
1937,財務局,主税課,1
1937,財務局,主計課,66
1937,財務局,会計課,1
1937,財務局,公債課,1
1937,財務局,地理課,2
1937,財務局,堀場,1
1937,財務局,経理課,103
1937,電気局,企画課,204
1937,電気局,会計課,4
1937,電気局,労働課,35
1937,電気局,医務課,1383
1937,電気局,地所課,30
1937,電気局,工事課,1100
1937,電気局,工務課,4
1937,電気局,庶務課,107
1937,電気局,戸所,360
1937,電気局,技術課,14
1937,電気局,監理課,30
1937,電気局,芝浦診療所,150
1937,電気局,電力課,31
1937,電気局,電燈課,92
1937,電気局,電車課,91
1937,養育院,医務課,0
1937,養育院,外來診療所,1251
1937,養育院,大場,0
1937,養育院,山室,1394
1937,養育院,工事課,10
1937,養育院,庶務課,149
1937,養育院,戸室,352
1937,養育院,田所,343
1937,養育院,監護課,69
1937,養育院,研究課,26
1937,養育院,神田区役所,1111
1937,養育院,管理課,197
1937,養育院,紀室,909
1937,養育院,試験課,45
1937,養育院,院長室,149
1937,養育院,麹町区役所,355
1938,,二〇九(分室,8
1938,,人事課,28
1938,,千所所所所,954
1938,,東京市役所,15
1938,,東京市本所,956
1938,,深川出張所,953
1938,,転業相談所,952
1938,,青山分室,951
1938,五(社会局,中野区役所,1282
1938,五(社会局,会計課,357
1938,五(社会局,保健土木課,384
1938,五(社会局,向島区役所,1414
1938,五(社会局,城東区役所,1415
1938,五(社会局,大場,108
1938,五(社会局,庶務課,351
1938,五(社会局,戸籍兵事課,198
1938,五(社会局,新宿派出所,209
1938,五(社会局,杉並区役所,1207
1938,五(社会局,板橋区役所,1221
1938,五(社会局,玉川派出所,210
1938,五(社会局,石神井派出所,18
1938,五(社会局,砧派出所,850
1938,五(社会局,社会課,363
1938,五(社会局,税務課,349
1938,五(社会局,練馬派出所,18
1938,五(社会局,荒川区役所,1219
1938,五(社会局,葛飾区役所,1332
1938,保健局,保健局庶務課,22
1938,保健局,公園課,51
1938,保健局,大島公園事務所,207
1938,保健局,寄生虫病診療所足立出張所,1403
1938,保健局,寄生蟲病診療所,1401
1938,保健局,庶務課,44
1938,保健局,第一トラホーム治療所,1405
1938,保健局,第一班トラホーム治療所,403
1938,保健局,第三班トラホーム治療所,1406
1938,保健局,第二トラホーム治療所,1305
1938,保健局,第五班トラホーム治療所,1408
1938,保健局,第六班トラホーム治療所,211
1938,保健局,第四班トラホーム治療所,1407
1938,土木局,下谷区出張所,1180
1938,土木局,世田谷区出張所,3
1938,土木局,京橋区出張所,199
1938,土木局,分室,5
1938,土木局,向島区出張所,202
1938,土木局,品川区出張所,782
1938,土木局,四谷区出張所,3
1938,土木局,土木局臨時建設事務所,1082
1938,土木局,土木試験所,6
1938,土木局,城東区出張所,206
1938,土木局,小石川区出張所,3
1938,土木局,工事課,374
1938,土木局,庶務課,2
1938,土木局,日本橋区出張所,205
1938,土木局,本郷区出張所,899
1938,土木局,杉並区出張所,20
1938,土木局,板橋区出張所,20
1938,土木局,河川課,6
1938,土木局,浅草区出張所,3
1938,土木局,淀橋区出張所,3
1938,土木局,深川区出張所,3
1938,土木局,目黒区出張所,3
1938,土木局,荏原区出張所,3
1938,土木局,荒川区出張所,20
1938,土木局,葛飾区出張所,109
1938,土木局,蒲田区出張所,200
1938,土木局,足立区出張所,193
1938,土木局,道路建設課,5
1938,土木局,道路管理課,5
1938,土木局,麹町区出張所,36
1938,土木局,麻布区出張所,71
1938,市会事務局,事務所,880
1938,市会事務局,古石場,203
1938,市会事務局,大場,1223
1938,市会事務局,福室,41
1938,市会事務局,診療所,27
1938,水道局,コンクリート工場,2
1938,水道局,マニラ出張所,64
1938,水道局,三河島汚水処分場,7
1938,水道局,下水課,7
1938,水道局,会計課,1
1938,水道局,商工相談所,65
1938,水道局,商業経営指導員養成所,37
1938,水道局,小室,147
1938,水道局,常設家畜市場,12
1938,水道局,張家口出張所,37
1938,水道局,擴張課,19
1938,水道局,新京出張所,1114
1938,水道局,日暮里出張所,7
1938,水道局,木場,7
1938,水道局,水課,19
1938,水道局,浅草出張所,7
1938,水道局,芝浦汚水処分場,7
1938,社会局,会計課,201
1938,社会局,保健土木課,71
1938,社会局,古石場,353
1938,社会局,品川区役所,1328
1938,社会局,大森区役所,938
1938,社会局,川一治所,11
1938,社会局,庶務課,148
1938,社会局,戸籍兵事課,151
1938,社会局,方面事務所,382
1938,社会局,本所区役所,921
1938,社会局,浅草区役所,1245
1938,社会局,深川区役所,1358
1938,社会局,目黒区役所,1123
1938,社会局,社会課,208
1938,社会局,税務課,108
1938,社会局,職業課,52
1938,社会局,芝宿泊所,1294
1938,社会局,荏原区役所,937
1938,衆議院,〵事務所荒木田出張所,615
1938,衆議院,ノ門税務出張所,588
1938,衆議院,ハ王子土木出張所,964
1938,衆議院,ラバヤ出張所,725
1938,衆議院,三ツ木診療所,1001
1938,衆議院,三宅島出張所,599
1938,衆議院,三河島診療所,648
1938,衆議院,上野出張所,771
1938,衆議院,上野税務出張所,561
1938,衆議院,世田谷出張所,1050
1938,衆議院,中室,893
1938,衆議院,二西巣鴨診療所,913
1938,衆議院,五反田出張所,687
1938,衆議院,京済運河建設事務所,470
1938,衆議院,代用品相談所,962
1938,衆議院,会計課,552
1938,衆議院,佐室,789
1938,衆議院,保健所,955
1938,衆議院,傷痍軍人職業補導所,1030
1938,衆議院,八王子土木出張所,855
1938,衆議院,八王子市役所,386
1938,衆議院,八王子支所,682
1938,衆議院,八王子職業紹介所,794
1938,衆議院,六郷出張所,1041
1938,衆議院,出張所,601
1938,衆議院,分室,394
1938,衆議院,北多府中番場,472
1938,衆議院,北多摩方面事務所,607
1938,衆議院,北多摩税務出張所,833
1938,衆議院,千住出張所,989
1938,衆議院,南千住診療所,651
1938,衆議院,南多摩税務出張所,854
1938,衆議院,南萬飾税務出張所,847
1938,衆議院,南葛飾税務出張所,560
1938,衆議院,南足立税務出張所,827
1938,衆議院,参地課,500
1938,衆議院,吉野養魚場,775
1938,衆議院,向島診療所,655
1938,衆議院,品川診療所,625
1938,衆議院,商工会議所,1057
1938,衆議院,営弁課,587
1938,衆議院,国民精神文化講習所,597
1938,衆議院,地方課,573
1938,衆議院,城所,399
1938,衆議院,場,874
1938,衆議院,多磨砂利採取工場,759
1938,衆議院,大井分所,912
1938,衆議院,大井診療所,996
1938,衆議院,大島分場,474
1938,衆議院,大島分所,731
1938,衆議院,大島診療所,643
1938,衆議院,大崎診療所,631
1938,衆議院,大緑地建設事務所,365
1938,衆議院,家具工養成所,373
1938,衆議院,小室,604
1938,衆議院,小松川方面事務所,988
1938,衆議院,小笠原試育所,1035
1938,衆議院,島嶼物産販売斡旋所,1020
1938,衆議院,工務課,558
1938,衆議院,幹部機械工養成所,376
1938,衆議院,府中土木出張所,723
1938,衆議院,府立八王子健康相談所,799
1938,衆議院,府立八王子性病豫防所,1073
1938,衆議院,府立北多摩保健所,528
1938,衆議院,府立協同組合講習所,730
1938,衆議院,府立府中性病豫防所,1071
1938,衆議院,府立恩方診療所,663
1938,衆議院,府立板橋健康相談所,621
1938,衆議院,府立板橋性病豫防所,1072
1938,衆議院,府立染織試験場,710
1938,衆議院,府立機械工養成所,779
1938,衆議院,府立淀橋健康相談所,817
1938,衆議院,府立淀橋性病豫防所,865
1938,衆議院,府立立川健康相談所,539
1938,衆議院,府立立川性病豫防所,476
1938,衆議院,府立西多摩保健所,780
1938,衆議院,府立農事試験場,467
1938,衆議院,府立農会技術員養成所,672
1938,衆議院,府立青年学校教員養成所,396
1938,衆議院,度課,582
1938,衆議院,庶務課,957
1938,衆議院,房・答課,463
1938,衆議院,所,358
1938,衆議院,拓務訓練所,702
1938,衆議院,整地課,580
1938,衆議院,日暮里分所,645
1938,衆議院,木場,559
1938,衆議院,杉並分所,563
1938,衆議院,杉並診療所,882
1938,衆議院,東京労働紹介所,620
1938,衆議院,東京労斷紹介所,1048
1938,衆議院,東京市役所,391
1938,衆議院,東京職業料介所,393
1938,衆議院,東京職業約介所,1043
1938,衆議院,東京職業紹介所,383
1938,衆議院,東駒形出張所,1052
1938,衆議院,板橋分所,1051
1938,衆議院,査課,362
1938,衆議院,梁課,483
1938,衆議院,業課,526
1938,衆議院,橋梁課,1025
1938,衆議院,水産試験場,504
1938,衆議院,河港課,356
1938,衆議院,淀橋出張所,1034
1938,衆議院,淀橋診療所,634
1938,衆議院,深川出張所,1047
1938,衆議院,済生会三河島診療所,995
1938,衆議院,済部農林課,814
1938,衆議院,瀝青乳劑製造工場,706
1938,衆議院,熊川砂利採取工場,763
1938,衆議院,物價統制課,971
1938,衆議院,王子出張所,1053
1938,衆議院,王子職業紹介所,983
1938,衆議院,産業組合課,502
1938,衆議院,田場,398
1938,衆議院,目駒場,873
1938,衆議院,目黒臨時診療所,628
1938,衆議院,目黒診療所,1004
1938,衆議院,砂町診療所,659
1938,衆議院,社会教育課,602
1938,衆議院,社会課,545
1938,衆議院,社寺兵事課,958
1938,衆議院,神津島診療所,1014
1938,衆議院,種畜場,813
1938,衆議院,立川職業紹介所,618
1938,衆議院,立機械工養成所,970
1938,衆議院,竹課,513
1938,衆議院,第一河川出張所,869
1938,衆議院,第一道路出張所,515
1938,衆議院,第三河川出張所,495
1938,衆議院,第三道路出張所,473
1938,衆議院,第二河川出張所,459
1938,衆議院,第二道路出張所,555
1938,衆議院,第四道路出張所,487
1938,衆議院,筋足六税務出張所,836
1938,衆議院,答繕課,578
1938,衆議院,管理署,927
1938,衆議院,経済部工務課,968
1938,衆議院,経済部権度課,960
1938,衆議院,経済部物價統制課,497
1938,衆議院,経済部産業組合課,751
1938,衆議院,経済部資材統制課,534
1938,衆議院,経済部農林課,670
1938,衆議院,経理課,389
1938,衆議院,繭検定所,517
1938,衆議院,聲谷出張所,809
1938,衆議院,職業補導所,788
1938,衆議院,育課社寺兵事課,600
1938,衆議院,芝浦出張所,1024
1938,衆議院,茅場,388
1938,衆議院,荏原税務出張所,478
1938,衆議院,荏原診療所,965
1938,衆議院,蒲田出張所,1049
1938,衆議院,虎ノ門税務出張所,562
1938,衆議院,蠶業取締所,685
1938,衆議院,蠶業取締所福生支所,686
1938,衆議院,蠶業取締所立川支所,666
1938,衆議院,蠶業試験場,712
1938,衆議院,西多摩税務出張所,852
1938,衆議院,西巣鴨出張所,1012
1938,衆議院,西巣鴨診療所,641
1938,衆議院,視学課,593
1938,衆議院,診療所,380
1938,衆議院,課,959
1938,衆議院,調布飛行場建設事務所,708
1938,衆議院,資材統制課,729
1938,衆議院,軍事援護課,544
1938,衆議院,農事〓習所,947
1938,衆議院,農事講習所,810
1938,衆議院,農林産業検査所大島出張所,714
1938,衆議院,農林産物検査所,519
1938,衆議院,農林産物検査所府中出張所,697
1938,衆議院,農林産物検査所板橋出張所,606
1938,衆議院,農林産物検査所深川出張所,675
1938,衆議院,農林産物検査所青梅出張所,678
1938,衆議院,農林課,378
1938,衆議院,道路課,490
1938,衆議院,金町分所,1018
1938,衆議院,青梅土木出張所,746
1938,衆議院,青梅職業紹介所,1029
1938,衆議院,飯田橋税務出張所,747
1938,衆議院,龜戸出張所,742
1938,記(社会局,会計課,1222
1938,記(社会局,保健土木課,71
1938,記(社会局,庶務課,148
1938,記(社会局,戸籍兵事課,151
1938,記(社会局,社会課,1289
1938,記(社会局,税務課,108
1938,電気局,ブク保診療所,150
1938,電気局,労働課,35
1938,電気局,印刷工場,4
1938,電気局,国民精神総動員課,68
1938,電気局,地所課,33
1938,電気局,巣鴨診療所,1204
1938,電気局,庶務課,107
1938,電気局,技術課,14
1938,電気局,新谷町診療所,851
1938,電気局,業務課,110
1938,電気局,港務所,30
1938,電気局,田所,401
1938,電気局,経理課,4
1938,電気局,芝浦試験所,70
1938,電気局,被服工場,961
1938,電気局,計画課,204
1938,電気局,電力課,31
1938,電気局,電気局経理課,4
1938,養育院,五所,1229
1938,養育院,会計課,0
1938,養育院,医務課,0
1938,養育院,合宿所,21
1938,養育院,山室,0
1938,養育院,工事課,21
1938,養育院,庶務課,149
1938,養育院,淀橋出張所,1291
1938,養育院,療養所,1147
1938,養育院,監護課,69
1938,養育院,研究課,26
1938,養育院,社会課,1288
1938,養育院,第一工営課,10
1938,養育院,第三工営課,195
1938,養育院,管理課,1314
1938,養育院,試験課,45
1938,養育院,雇馬場,0
1939,,人事課,15
1939,,企画課,113
1939,,文書課,8
1939,,新宿出張所,47
1939,,東京市役所,392
1939,,祕書課,15
1939,,統計課,8
1939,,議案課,76
1939,,都市計画課,47
1939,}市会事務局,小売市場,1258
1939,}市会事務局,本四〇〇四江東臨時青物市場,756
1939,中央卸売市場,土木試験所,6
1939,中央卸売市場,庶務課,2
1939,中央卸売市場,技術課,14
1939,中央卸売市場,振興課,33
1939,中央卸売市場,業務課,23
1939,中央卸売市場,江東分場,776
1939,中央卸売市場,河川課,6
1939,中央卸売市場,治水工事課,6
1939,中央卸売市場,洗湾部振与課,33
1939,中央卸売市場,淀橋分場,23
1939,中央卸売市場,港務所,72
1939,中央卸売市場,神田分場,23
1939,中央卸売市場,管理課,23
1939,中央卸売市場,臨時飛行場建設事務所,1155
1939,中央卸売市場,荏原分場,23
1939,中央卸売市場,道路建設課,5
1939,中央卸売市場,道路管理課,5
1939,交換臺ニ依リ各局,}二七七七木場工区事務所,1254
1939,交換臺ニ依リ各局,五七一六河川管理人派出所,1255
1939,伊興事業局,上所,1195
1939,伊興事業局,会計課,1193
1939,伊興事業局,査急○教員〓習所,425
1939,伊興事業局,第一課,1205
1939,伊興事業局,第二課,1206
1939,伊興事業局,自働車課,114
1939,伊興事業局,車輛課,930
1939,伊興事業局,運輸課,114
1939,伊興事業局,電力課,31
1939,伊興事業局,電燈課,918
1939,伊興事業局,青山診療所,1190
1939,伊興事業局,高速鉄道調査課,1201
1939,保健局,公園課,757
1939,保健局,庶務課,903
1939,保健局,庶務課兼給水課,1226
1939,保健局,擴張課,1096
1939,保健局,文書課,866
1939,保健局,東京市役所,1101
1939,保健局,清掃課,1135
1939,保健局,祕書課,1103
1939,保健局,移転課,1228
1939,保健局,第一課第二課第三課,1097
1939,保健局,経理課,1099
1939,保健局,給水課,1141
1939,厚生局,下谷健康相談所,1037
1939,厚生局,下谷診療所,1421
1939,厚生局,世田谷診療所,22
1939,厚生局,代々幡診療所,1370
1939,厚生局,保護課,1083
1939,厚生局,児童課,216
1939,厚生局,医務課,0
1939,厚生局,千田町一泊所,152
1939,厚生局,古石場,152
1939,厚生局,向島健康相談所,22
1939,厚生局,向島診療所,1307
1939,厚生局,品川健康相談所,22
1939,厚生局,大井診療所,1304
1939,厚生局,大場,0
1939,厚生局,寄生蟲病診療所,1397
1939,厚生局,寄生蟲病診療所足立出張所,1404
1939,厚生局,尾久健康相談所,1300
1939,厚生局,尾久診療所,22
1939,厚生局,山室,1395
1939,厚生局,岡室,0
1939,厚生局,庶務課,53
1939,厚生局,戸室,0
1939,厚生局,本所健康相談所,1077
1939,厚生局,本所診療所,1420
1939,厚生局,杉並健康相談所,1302
1939,厚生局,消毒所,22
1939,厚生局,深川健康相談所,1411
1939,厚生局,深川塵芥処理工場,428
1939,厚生局,深川診療所,943
1939,厚生局,白山診療所,22
1939,厚生局,監理課,431
1939,厚生局,監護課,69
1939,厚生局,目黒健康相談所,940
1939,厚生局,目黒診療所,1368
1939,厚生局,福利課,427
1939,厚生局,第一作業課,402
1939,厚生局,第一班トラホーム治療所,924
1939,厚生局,第七班トラホーム治療所,1369
1939,厚生局,第三班トラホーム治療所,1410
1939,厚生局,第二班トラホーム治療所,1306
1939,厚生局,第五班トラホーム治療所,1409
1939,厚生局,第八班トラホーム治療所,211
1939,厚生局,第六班トラホーム治療所,1422
1939,厚生局,第四班トラホーム治療所,728
1939,厚生局,管理課,39
1939,厚生局,芝浦宿泊所,11
1939,厚生局,荒川授産場,11
1939,厚生局,蒲田健康相談所,1241
1939,厚生局,軍事援護課,739
1939,厚生局,防疫課,22
1939,厚生局,麻布健康相談所,1388
1939,土木局,下水課,1171
1939,土木局,工事課,1173
1939,土木局,庶務課,492
1939,土木局,建築課,887
1939,土木局,所,7
1939,土木局,施業課,1113
1939,土木局,橋梁課,770
1939,土木局,道路課,417
1939,市会事務局,中場,1172
1939,市会事務局,井場,1240
1939,市会事務局,会計課,1118
1939,市会事務局,保護課,1128
1939,市会事務局,公園課,1136
1939,市会事務局,内記課,1104
1939,市会事務局,商工課,1224
1939,市会事務局,庶務課,75
1939,市会事務局,揚場,787
1939,市会事務局,橋場,420
1939,市会事務局,河港課,1151
1939,市会事務局,監査課,1107
1939,市会事務局,神場,835
1939,市会事務局,経理課,932
1939,市会事務局,統計課,1188
1939,市会事務局,職業課,1225
1939,市会事務局,茅場,635
1939,市会事務局,草場,614
1939,市会事務局,議事課,55
1939,市会事務局,財務課,1121
1939,市会事務局,魚市場,1115
1939,市民局,中部出張所,984
1939,市民局,体力課,1061
1939,市民局,公園課,51
1939,市民局,北部出張所,207
1939,市民局,区町課,8
1939,市民局,南部出張所,1026
1939,市民局,東部出張所,784
1939,市民局,社会教育課,57
1939,市民局,西部出張所,950
1939,市民局,観光課,826
1939,市民局,計画課,375
1939,建築局,営繕課,986
1939,建築局,学校建設課,797
1939,建築局,庶務課,883
1939,御築局,会計課,941
1939,御築局,住所,772
1939,御築局,医務課,1102
1939,御築局,土木課,397
1939,御築局,工務課,411
1939,御築局,庶務課,433
1939,御築局,所,370
1939,御築局,揚場,414
1939,御築局,橋場,368
1939,御築局,牛込区役所,1044
1939,御築局,療養所,1246
1939,御築局,監護課,1248
1939,御築局,祕書課,699
1939,御築局,第一施業課,769
1939,御築局,第一課,946
1939,御築局,第二課,484
1939,御築局,経理課,416
1939,御築局,自動車課,1189
1939,御築局,茅場,369
1939,御築局,車輛課,390
1939,御築局,運輸課,413
1939,御築局,電燈課,915
1939,復興事業局,エ華課,925
1939,復興事業局,会計課,1117
1939,復興事業局,商工課,408
1939,復興事業局,工事課,914
1939,復興事業局,庶務課,400
1939,復興事業局,整地課,748
1939,復興事業局,監査課,1081
1939,復興事業局,移転課,942
1939,復興事業局,飼地課,1184
1939,教育局,学校体育課,419
1939,教育局,学校職員課,57
1939,教育局,庶務課,57
1939,教育局,所,815
1939,教育局,社会教育課,57
1939,教育局,茅場,153
1939,教育局,視〓課,57
1939,教育局,視学課,387
1939,日大参保療院,会計課,898
1939,日大参保療院,文書課,1105
1939,日大参保療院,書課,1074
1939,日大参保療院,監査課,1065
1939,日大参保療院,統計課,934
1939,東京市主事(厚生局,会計課,13
1939,東京市主事(厚生局,保健課,410
1939,東京市主事(厚生局,土木課,109
1939,東京市主事(厚生局,庶務課,13
1939,東京市主事(厚生局,戸籍兵事課,13
1939,東京市主事(厚生局,教育課,13
1939,東京市主事(厚生局,新宿派出所,209
1939,東京市主事(厚生局,江戸川区役所,1092
1939,東京市主事(厚生局,社会課,407
1939,東京市主事(厚生局,税務課,13
1939,水道局,三河島汚水処分場,7
1939,水道局,下水課,7
1939,水道局,会計課,61
1939,水道局,元町営業所,9
1939,水道局,呉服橋出張所,7
1939,水道局,小室,9
1939,水道局,工事課,21
1939,水道局,庶務課,26
1939,水道局,庶務課兼給水課,415
1939,水道局,擴張課,19
1939,水道局,日暮里出張所,7
1939,水道局,木場出張所,7
1939,水道局,杉並営業所,9
1939,水道局,松井町営業所,9
1939,水道局,業務課,9
1939,水道局,江戸川営業所,9
1939,水道局,浅草出張所,7
1939,水道局,王子営業所,1412
1939,水道局,目黒営業所,9
1939,水道局,神楽河岸営業所,9
1939,水道局,第九合宿所,21
1939,水道局,給水課,367
1939,水道局,芝浦工場,9
1939,水道局,芝浦汚水処分場,7
1939,水道局,荏原営業所,9
1939,水道局,蒲田営業所,9
1939,水道局,赤羽橋営業所,9
1939,水道局,足立営業所,9
1939,水道局,鍛冶橋営業所,9
1939,水道局,鎌倉河岸営業所,9
1939,水道局,龜戸出張所,910
1939,水道局,龜戸営業所,9
1939,沼務所・〓育院,下谷区役所,619
1939,沼務所・〓育院,四谷区役所,1217
1939,沼務所・〓育院,小石川区役所,424
1939,沼務所・〓育院,日本四国・京橋役所・芝厘役所,434
1939,沼務所・〓育院,日本橋区役所,1212
1939,沼務所・〓育院,牛込区役所,1160
1939,沼務所・〓育院,祿田区役所,1211
1939,沼務所・〓育院,経理課,1208
1939,沼務所・〓育院,芝区役所,1213
1939,清掃監督(厚生局,会計課,371
1939,清掃監督(厚生局,保健課,385
1939,清掃監督(厚生局,向島区役所,38
1939,清掃監督(厚生局,土木課,20
1939,清掃監督(厚生局,庶務課,372
1939,清掃監督(厚生局,戸籍兵事課,198
1939,清掃監督(厚生局,教育課,381
1939,清掃監督(厚生局,本所,1088
1939,清掃監督(厚生局,板橋区役所,1091
1939,清掃監督(厚生局,石神井派出所,18
1939,清掃監督(厚生局,社会課,364
1939,清掃監督(厚生局,税務課,366
1939,清掃監督(厚生局,練馬派出所,18
1939,清掃監督(厚生局,荒川区役所,1218
1939,清掃監督(厚生局,葛飾区役所,904
1939,清掃監督(厚生局,足立区役所,18
1939,社会局,保護課,535
1939,社会局,公営課,872
1939,社会局,庶務課,1134
1939,社会局,紫経介所,395
1939,経済局,三階一號室,1116
1939,経済局,上海出張所,1140
1939,経済局,北京出張所,1154
1939,経済局,商工相談所,37
1939,経済局,商工課,37
1939,経済局,商業経営指導員養成所,1385
1939,経済局,大連出張所,1080
1939,経済局,常設家畜市場,12
1939,経済局,庶務課,53
1939,経済局,新京出張所,1287
1939,経済局,本所工業指導所,1427
1939,経済局,芝浦屠場,46
1939,経済局,荒川工業指導所,1239
1939,経済局,貿易課,37
1939,経済局,農漁課,46
1939,経済局,金融課,12
1939,繰済局,一作業課,73
1939,繰済局,下谷区役所,935
1939,繰済局,世田谷区役所,985
1939,繰済局,中野区役所,1090
1939,繰済局,会計課,201
1939,繰済局,保健課,71
1939,繰済局,品川区役所,1430
1939,繰済局,四谷区役所,1085
1939,繰済局,土木課,3
1939,繰済局,大場,1431
1939,繰済局,大森区役所,1359
1939,繰済局,小石川区役所,1429
1939,繰済局,庶務課,148
1939,繰済局,戸籍兵事課,151
1939,繰済局,教育課,406
1939,繰済局,本所区役所,790
1939,繰済局,杉並区役所,111
1939,繰済局,浅草区役所,1087
1939,繰済局,深川区役所,749
1939,繰済局,牛込区役所,1377
1939,繰済局,玉川派出所,210
1939,繰済局,目黒区役所,1333
1939,繰済局,社会課,208
1939,繰済局,税務課,108
1939,繰済局,耐派出所,54
1939,繰済局,荏原区役所,1398
1939,繰済局,蒲田区役所,1089
1939,繰済局,調布派出所,654
1939,繰済局,赤坂区役所,1327
1939,繰済局,麻布区役所,881
1939,補画金衆議院参講院,保健所,1264
1939,補画金衆議院参講院,北税務事務所,1261
1939,補画金衆議院参講院,港税務事務所,1259
1939,補画金衆議院参講院,目黒税務事務所,1260
1939,補画金衆議院参講院,立税務事務所,1262
1939,補画金衆議院参講院,衛生研究所,1263
1939,財務局,コンクリート工場,1352
1939,財務局,上野職業沼介所,1133
1939,財務局,主税課,377
1939,財務局,主計課,60
1939,財務局,会計課,58
1939,財務局,保護課,744
1939,財務局,公〓課,922
1939,財務局,公債課,1122
1939,財務局,公営課,1094
1939,財務局,収納課,379
1939,財務局,古石場,1129
1939,財務局,土室,1095
1939,財務局,地理課,2
1939,財務局,埠頭事務所,1238
1939,財務局,庶務課,1237
1939,財務局,所,404
1939,財務局,技術試験所,2
1939,財務局,晝場,1120
1939,財務局,機械工場,1286
1939,財務局,用品課,1108
1939,財務局,社会教育課,786
1939,財務局,第一工営課,116
1939,財務局,第二工営課,10
1939,財務局,給水課,1145
1939,財務局,職業課,1132
1939,財務局,茅場,785
1939,財務局,藤場,901
1939,財務局,衛生課,1112
1939,財務局,視学課,605
1939,財務局,購買課,2
1939,財務局,青課,421
1939,道路局,工務課,1148
1939,道路局,庶務課,819
1939,道路局,橋梁課,1150
1939,道路局,第一道路課,828
1939,道路局,第二道路課,5
1939,道路局,試験所,804
1939,都議会議会局,品川区役所,1093
1939,電気局,一作業課,1389
1939,電気局,三田診療所,1027
1939,電気局,上所,114
1939,電気局,九七八〓巣鴨出張所,1125
1939,電気局,事業普及課,56
1939,電気局,五八〇四〓課運輸神明町出張所,1256
1939,電気局,交通統制調査課,32
1939,電気局,京橋区役所,928
1939,電気局,会計課,4
1939,電気局,保健課,430
1939,電気局,保線課,1149
1939,電気局,労働課,35
1939,電気局,印刷工場,4
1939,電気局,営業課,426
1939,電気局,四谷七三七(新宿出張所,1257
1939,電気局,土木課,36
1939,電気局,墨二〇四〇外手町派出所,677
1939,電気局,外純明〓背館課,1234
1939,電気局,小石川営業所,17
1939,電気局,巣鴨診療所,1202
1939,電気局,工場,1230
1939,電気局,庶務課,412
1939,電気局,戸所,32
1939,電気局,戸籍兵事課,432
1939,電気局,教育課,36
1939,電気局,新谷町診療所,1231
1939,電気局,早稻田電車営業所,32
1939,電気局,業務課,110
1939,電気局,水源林事務所,1232
1939,電気局,田所,842
1939,電気局,目黒営業所,17
1939,電気局,研究課,77
1939,電気局,社会課,429
1939,電気局,神田区役所,936
1939,電気局,税務課,422
1939,電気局,第二出張所,1191
1939,電気局,経理課,4
1939,電気局,芝区役所,1084
1939,電気局,芝営業所,17
1939,電気局,芝浦診療所,150
1939,電気局,芝浦試験所,70
1939,電気局,被服工場,571
1939,電気局,試験課,45
1939,電気局,赤坂営業所,17
1939,電気局,車輛工場,56
1939,電気局,車輛課,929
1939,電気局,配線課,70
1939,電気局,電力課,31
1939,電気局,電気研究所,1233
1939,電気局,青山営業所,17
1939,電気局,麹町区役所,1396
1939,養育院,役所,1098
1940,,ずノ門税務出張所,247
1940,,ラバヤ出張所,726
1940,,三ツ木診療所,1002
1940,,三宅島出張所,245
1940,,三河島診療所,649
1940,,上野出張所,281
1940,,上野税務出張所,243
1940,,事務所,990
1940,,事務所荒木田出張所,616
1940,,二西巣鴨診療所,294
1940,,五反田出張所,264
1940,,人事課,15
1940,,代用品相談所,296
1940,,企画課,113
1940,,会計課,239
1940,,会課,162
1940,,体育課社寺兵事課,251
1940,,傷療軍人職業補導所,1031
1940,,八王子土木出張所,165
1940,,八王子支所,263
1940,,八王子職業紹介所,284
1940,,六郷出張所,304
1940,,出張所,266
1940,,分室,78
1940,,分教場,279
1940,,務所,703
1940,,北墨島税務出張所,160
1940,,北多府中番場,227
1940,,北多摩方面事務所,159
1940,,北多摩税務出張所,289
1940,,千住出張所,300
1940,,南〓海税務出張所,848
1940,,南千住診療所,652
1940,,南多摩方面事務所,608
1940,,南多摩税務出張所,292
1940,,南葛飾税務出張所,161
1940,,南足立税務出張所,288
1940,,吉野養魚場,283
1940,,向島診療所,656
1940,,吾〓婿分所,310
1940,,品川診療所,626
1940,,商務課,271
1940,,商工〓歸館事務室,806
1940,,商工会議所,1058
1940,,営繕課,246
1940,,国民精神文化講習所,250
1940,,地方課,238
1940,,城所,221
1940,,場,875
1940,,多磨砂利採取工場,760
1940,,大井分所,307
1940,,大井診療所,997
1940,,大島分場,222
1940,,大島分所,274
1940,,大島診療所,259
1940,,大緑地建設事務所,224
1940,,奥多摩支場,285
1940,,官幣大社明治神宮外苑管理署,295
1940,,家具工養成所,219
1940,,小室,253
1940,,小松川方面事・務所,299
1940,,小笠原試育所,1060
1940,,島嶼物産販売斡旋所,1021
1940,,工務課,241
1940,,幹部機械工養成所,1063
1940,,府中土木出張所,155
1940,,府立八王子健康相談所,1066
1940,,府立八王子性病豫防所,980
1940,,府立北多摩保健所,234
1940,,府立協同組合講習所,273
1940,,府立府中性病豫防所,977
1940,,府立恩方診療所,664
1940,,府立板橋健康相談所,622
1940,,府立板橋性病豫防所,974
1940,,府立染織試験場,231
1940,,府立機械工養成所,275
1940,,府立淀橋健康相談所,293
1940,,府立淀橋性病豫防所,867
1940,,府立立川健康相談所,236
1940,,府立立川性病豫防所,214
1940,,府立西多摩保健所,311
1940,,府立農事試験場,468
1940,,府立農会技術員養成所,673
1940,,府立青年学校教員養成所,418
1940,,府立青梅性病豫防所,972
1940,,庶務課,157
1940,,情報課,8
1940,,所,213
1940,,整地課,228
1940,,文書課,8
1940,,日暮里分所,154
1940,,曩事講習所,811
1940,,木場,242
1940,,杉並分所,244
1940,,杉並診療所,884
1940,,東京労働紹介所,154
1940,,東京市役所,290
1940,,東京職業紹介所,78
1940,,東京識業紹介所,78
1940,,板橋分所,309
1940,,染織試験場,1270
1940,,業取締所繭検定所,518
1940,,橋梁課,282
1940,,水産試験場,505
1940,,河港課,237
1940,,淀橋出張所,302
1940,,淀橋診療所,636
1940,,深川出張所,306
1940,,済生会三河島診療所,235
1940,,済部農林課,508
1940,,瀝青乳劑製造工場,268
1940,,熊川砂利採取工場,766
1940,,物價統制課,963
1940,,王子出張所,1055
1940,,産業組合課,230
1940,,田場,223
1940,,目黒臨時診療所,629
1940,,目黒診療所,1005
1940,,砂町診療所,660
1940,,社会教育課,987
1940,,社会課,162
1940,,祕書課,15
1940,,神津島診療所,1015
1940,,種畜場,287
1940,,立川職業紹介所,257
1940,,第ミ河川出張所,119
1940,,第一河川出張所,277
1940,,第一道路出張所,155
1940,,第三河川出張所,119
1940,,第三道路出張所,276
1940,,第二河川出張所,119
1940,,第二道路出張所,226
1940,,第四道路出張所,225
1940,,管理署,248
1940,,経済部工務課,969
1940,,経済部物價統制課,1267
1940,,経済部産業組合課,752
1940,,経済部資材統制課,252
1940,,経済部農林課,525
1940,,経理課,215
1940,,統計課,8
1940,,繭検定所,286
1940,,職業補導所,303
1940,,職業課,240
1940,,芝浦出張所,305
1940,,茅場,1013
1940,,荏原税務出張所,160
1940,,荏原診療所,297
1940,,蒲田出張所,308
1940,,虎ノ門税務出張所,583
1940,,蠶業取締所,233
1940,,蠶業取締所立川支所,260
1940,,蠶業試験場,269
1940,,西多摩方面事務所,992
1940,,西多摩税務出張所,291
1940,,西巣鴨出張所,298
1940,,西巣鴨診療所,1009
1940,,視学課,249
1940,,診療所,258
1940,,課,157
1940,,調布飛行場建設事務所,256
1940,,調査課,218
1940,,議案課,76
1940,,資材統制課,272
1940,,軍事援護課,159
1940,,農事請習所,966
1940,,農林産業検査所大島出張所,270
1940,,農林産物検査所,232
1940,,農林産物検査所府中出張所,267
1940,,農林産物検査所板橋出張所,254
1940,,農林産物検査所深川出張所,683
1940,,農林産物検査所青梅出張所,265
1940,,農林課,229
1940,,道路課,280
1940,,部農林課,261
1940,,都市計画課,47
1940,,金町分所,301
1940,,閉足税務出張所,161
1940,,青梅土木出張所,165
1940,,飯田橋税務出張所,278
1940,,龜戸出張所,78
1940,上木局,京橋区役所,124
1940,上木局,田所,1428
1940,上木局,芝区役所,436
1940,中央卸売市場,C管理課,23
1940,中央卸売市場,業務課,23
1940,厚生局,児童課,216
1940,厚生局,古石場,152
1940,厚生局,小岩候出所,13
1940,厚生局,福利課,1399
1940,土木局,土木試験所,6
1940,土木局,庶務課,2
1940,土木局,橋梁課,5
1940,土木局,河川課,6
1940,土木局,治水工事課,6
1940,土木局,道路建設課,5
1940,土木局,道路管理課,5
1940,市会事務局,事務所,435
1940,市会事務局,庶務課,75
1940,市会事務局,議事課,55
1940,市民局,事業課,57
1940,市民局,第一課,16
1940,市民局,第二課,16
1940,市民局,計画課,423
1940,業所長(厚生局,三河島出張所,0
1940,業所長(厚生局,上野出張所,0
1940,業所長(厚生局,世田谷出張所,0
1940,業所長(厚生局,作業課,74
1940,業所長(厚生局,兩国出張所,0
1940,業所長(厚生局,品川出張所,0
1940,業所長(厚生局,御成門出張所,0
1940,業所長(厚生局,所,22
1940,業所長(厚生局,東十条出張所,0
1940,業所長(厚生局,監理課,156
1940,業所長(厚生局,神楽坂出張所,0
1940,業所長(厚生局,築地出張所,0
1940,業所長(厚生局,荒川授産場,11
1940,業所長(厚生局,足立一泊所,11
1940,業所長(厚生局,足立診族所,22
1940,業所長(厚生局,阿佐谷出張所,0
1940,業所長(厚生局,龜戸出張所,0
1940,水道局,小留浦合宿所,1143
1940,水道局,木場,7
1940,水道局,第九合宿所,21
1940,水道局,計画課,19
1940,港湾局,会計課,61
1940,港湾局,営業課,127
1940,港湾局,小室,9
1940,港湾局,工事課,14
1940,港湾局,庶務課,33
1940,港湾局,港務所,72
1940,港湾局,経理課,33
1940,港湾局,臨時飛行場建設事務所,26
1940,港湾局,計画課,14
1940,發経済局,下谷区役所,62
1940,發経済局,世田谷区役所,54
1940,發経済局,中野区役所,73
1940,發経済局,向島区役所,38
1940,發経済局,品川区役所,79
1940,發経済局,四谷区役所,164
1940,發経済局,大森区役所,126
1940,發経済局,小石川区役所,312
1940,發経済局,幡場,62
1940,發経済局,本所区役所,117
1940,發経済局,本郷区役所,255
1940,發経済局,杉並区役所,111
1940,發経済局,板橋区役所,18
1940,發経済局,浅草区役所,163
1940,發経済局,淀橋区役所,125
1940,發経済局,深川区役所,120
1940,發経済局,牛込区役所,768
1940,發経済局,王子区役所,212
1940,發経済局,田所,112
1940,發経済局,目黒区役所,123
1940,發経済局,荏原区役所,158
1940,發経済局,荒川区役所,409
1940,發経済局,蒲田区役所,122
1940,發経済局,藤場,111
1940,發経済局,角所,79
1940,發経済局,赤坂区役所,438
1940,發経済局,麻布区役所,118
1940,経済局,城東区役所,38
1940,経済局,新宮派出所,1106
1940,経済局,新宿派出所,13
1940,経済局,江戸川区役所,13
1940,経済局,葛飾区役所,13
1940,総局,八王子市役所,262
1940,総局,所,405
1940,総局,東京市役所,220
1940,総局,茅場,153
1940,財務局,主税課,1124
1940,財務局,主計課,60
1940,財務局,会計課,58
1940,財務局,営繕課,10
1940,財務局,学校営繕課,10
1940,財務局,用品課,1109
1940,財務局,管理課,116
1940,財務局,購買課,2
1940,電気局,三ノ輪電車営業所,114
1940,電気局,乘客課,56
1940,電気局,交通調整課,48
1940,電気局,会計課,4
1940,電気局,保線課,32
1940,電気局,労務課,35
1940,電気局,小石川営業所,17
1940,電気局,庶務課,217
1940,電気局,戸所,32
1940,電気局,日本橋区役所,121
1940,電気局,目黒営業所,17
1940,電気局,研究課,77
1940,電気局,神田区役所,115
1940,電気局,経理課,4
1940,電気局,臨時電源調査課,17
1940,電気局,芝営業所,17
1940,電気局,試験課,45
1940,電気局,赤坂営業所,17
1940,電気局,運転課,110
1940,電気局,配線課,70
1940,電気局,電力課,31
1940,電気局,青山営業所,17
1940,電気局,麹町区役所,36
1940,養育院,会計課,0
1940,養育院,医務課,59
1940,養育院,商工課,37
1940,養育院,庶務課,53
1940,養育院,療養所,1247
1940,養育院,監護課,59
1940,養育院,管理課,39
1940,養育院,貿易課,37
1940,養育院,農漁課,46
1940,養育院,配給課,12
1940,養育院,金融課,12
1941,,人事課,15
1941,,企画課,113
1941,,品川区役所,1056
1941,,情報課,8
1941,,文書課,8
1941,,東京市役所,290
1941,,秘書課,15
1941,,統計課,8
1941,,議案課,76
1941,,都市計画課,47
1941,一府会事務局,ラバヤ出張所,727
1941,一府会事務局,一分室,551
1941,一府会事務局,三ツ木診療所,1003
1941,一府会事務局,三宅島出張所,245
1941,一府会事務局,三河島共同住宅管理事務所,610
1941,一府会事務局,三河島診療所,650
1941,一府会事務局,上野出張所,281
1941,一府会事務局,上野税務出張所,243
1941,一府会事務局,事務所,991
1941,一府会事務局,事務所荒木田出張所,617
1941,一府会事務局,二四三第二会議室,1273
1941,一府会事務局,二西巣鴨診療所,294
1941,一府会事務局,五反田出張所,264
1941,一府会事務局,京済運河建設事務所,471
1941,一府会事務局,人事課,464
1941,一府会事務局,代用品相談所,879
1941,一府会事務局,会計課,239
1941,一府会事務局,佐室,279
1941,一府会事務局,体育課社寺兵事課,251
1941,一府会事務局,傷痍軍人職業補導所,1032
1941,一府会事務局,八王子土木出張所,856
1941,一府会事務局,八王子市役所,262
1941,一府会事務局,八王子支所,263
1941,一府会事務局,八王子職業紹介所,284
1941,一府会事務局,六郷出張所,304
1941,一府会事務局,出張所,266
1941,一府会事務局,北多府中番場,227
1941,一府会事務局,北多摩方面事務所,613
1941,一府会事務局,北多摩税務出張所,289
1941,一府会事務局,北室,439
1941,一府会事務局,千住出張所,300
1941,一府会事務局,南多摩方面事務所,609
1941,一府会事務局,南多摩税務出張所,292
1941,一府会事務局,南葛飾税務出張所,161
1941,一府会事務局,南足立税務出張所,288
1941,一府会事務局,吉野養魚場,283
1941,一府会事務局,向島診療所,657
1941,一府会事務局,吾婿分所,310
1941,一府会事務局,品川診療所,627
1941,一府会事務局,商務課,271
1941,一府会事務局,商江会議所,1059
1941,一府会事務局,営繕課,246
1941,一府会事務局,国民精神文化講習所,250
1941,一府会事務局,地方課,238
1941,一府会事務局,城所,221
1941,一府会事務局,場,876
1941,一府会事務局,多磨砂利採取工場,761
1941,一府会事務局,大井分所,307
1941,一府会事務局,大井診療所,998
1941,一府会事務局,大島分場,222
1941,一府会事務局,大島分所,274
1941,一府会事務局,大島診療所,259
1941,一府会事務局,大崎診療所,632
1941,一府会事務局,大緑地建設事務所,224
1941,一府会事務局,奥多摩支場,285
1941,一府会事務局,官幣大社明治神宮外苑管理署,295
1941,一府会事務局,家具王養成所,219
1941,一府会事務局,小室,253
1941,一府会事務局,小松川方面雲務所,299
1941,一府会事務局,小笠原試育所,1036
1941,一府会事務局,島嶼物産販売斡旋所,1022
1941,一府会事務局,工務課,241
1941,一府会事務局,幹部機械工養成所,2
1941,一府会事務局,府中土木出張所,724
1941,一府会事務局,府立八王子性病豫防所,981
1941,一府会事務局,府立北多摩保健所,234
1941,一府会事務局,府立協同組合講習所,273
1941,一府会事務局,府立府中性病豫防所,978
1941,一府会事務局,府立恩方診療所,665
1941,一府会事務局,府立板橋健康相談所,623
1941,一府会事務局,府立板橋性病豫防所,975
1941,一府会事務局,府立染織試験場,711
1941,一府会事務局,府立機械工養成所,275
1941,一府会事務局,府立淀橋健康相談所,293
1941,一府会事務局,府立淀橋性病豫防所,479
1941,一府会事務局,府立立川健康相談所,236
1941,一府会事務局,府立立川性病豫防所,214
1941,一府会事務局,府立西多摩保健所,311
1941,一府会事務局,府立農事試験場,231
1941,一府会事務局,府立農会技術員養成所,674
1941,一府会事務局,府立青年学校教員養成所,816
1941,一府会事務局,府立青梅性病豫防所,973
1941,一府会事務局,庶務課,157
1941,一府会事務局,所,213
1941,一府会事務局,拓務訓練所,704
1941,一府会事務局,拓務訓練所大緑地建設事務所,834
1941,一府会事務局,教員養成所,889
1941,一府会事務局,整地課,228
1941,一府会事務局,木場,242
1941,一府会事務局,杉並分所,244
1941,一府会事務局,杉並診療所,1000
1941,一府会事務局,東京労働紹介所,154
1941,一府会事務局,東京市役所,220
1941,一府会事務局,東京職業紹介所,78
1941,一府会事務局,板橋分所,309
1941,一府会事務局,染織試験場,820
1941,一府会事務局,業試験場,1269
1941,一府会事務局,橋梁課,282
1941,一府会事務局,水産試験場,506
1941,一府会事務局,河港課,237
1941,一府会事務局,淀橋出張所,302
1941,一府会事務局,淀橋診療所,637
1941,一府会事務局,深川出張所,306
1941,一府会事務局,済生会三河島診療所,235
1941,一府会事務局,済部資材統制課,1266
1941,一府会事務局,済部農林課,1274
1941,一府会事務局,瀝青乳劑製造工場,268
1941,一府会事務局,熊川砂利採取工場,764
1941,一府会事務局,物價統制課,296
1941,一府会事務局,王子出張所,1054
1941,一府会事務局,産業組合課,230
1941,一府会事務局,田場,223
1941,一府会事務局,目黒臨時診療所,630
1941,一府会事務局,目黒診療所,1006
1941,一府会事務局,砂町診療所,661
1941,一府会事務局,社会教育課,603
1941,一府会事務局,社会課,162
1941,一府会事務局,社寺兵事課,1272
1941,一府会事務局,神津島診療所,1016
1941,一府会事務局,種畜場,287
1941,一府会事務局,立川職業紹介所,257
1941,一府会事務局,第一河川出張所,277
1941,一府会事務局,第一道路出張所,155
1941,一府会事務局,第三河川出張所,119
1941,一府会事務局,第三道路出張所,276
1941,一府会事務局,第二河川出張所,870
1941,一府会事務局,第二道路出張所,226
1941,一府会事務局,第四道路出張所,225
1941,一府会事務局,管理署,248
1941,一府会事務局,経済部産業組合課,967
1941,一府会事務局,経済部資材統制課,252
1941,一府会事務局,経済部農林課,1265
1941,一府会事務局,経理課,215
1941,一府会事務局,繭検定所,286
1941,一府会事務局,職業補導所,303
1941,一府会事務局,職業課,240
1941,一府会事務局,芝浦出張所,305
1941,一府会事務局,茅場,153
1941,一府会事務局,荏原税務出張所,160
1941,一府会事務局,荏原診療所,297
1941,一府会事務局,蒲田出張所,308
1941,一府会事務局,虎ノ門税務出張所,247
1941,一府会事務局,蠶業取締所,791
1941,一府会事務局,蠶業取締所福生支所,233
1941,一府会事務局,蠶業取締所立川支所,260
1941,一府会事務局,蠶業試験場,269
1941,一府会事務局,西多摩方面事務所,993
1941,一府会事務局,西多摩税務出張所,291
1941,一府会事務局,西巣鴨出張所,298
1941,一府会事務局,西巣鴨診療所,642
1941,一府会事務局,視学課,249
1941,一府会事務局,診療所,258
1941,一府会事務局,調布飛行場建設事務所,256
1941,一府会事務局,調査課,218
1941,一府会事務局,資材統制課,272
1941,一府会事務局,軍事援護課,159
1941,一府会事務局,農林産業検査所大島出張所,270
1941,一府会事務局,農林産物検査所,232
1941,一府会事務局,農林産物検査所府中出張所,267
1941,一府会事務局,農林産物検査所板橋出張所,254
1941,一府会事務局,農林産物検査所深川出張所,684
1941,一府会事務局,農林産物検査所青梅出張所,265
1941,一府会事務局,農林課,229
1941,一府会事務局,込王子職業紹介所,543
1941,一府会事務局,道路課,280
1941,一府会事務局,還事講習所,812
1941,一府会事務局,部農林課,261
1941,一府会事務局,金町分所,301
1941,一府会事務局,青梅土木出張所,165
1941,一府会事務局,青梅職業紹介所,896
1941,一府会事務局,願館出張所,801
1941,一府会事務局,飯田橋税務出張所,278
1941,一府会事務局,龜戸出張所,743
1941,土木局,C橋梁課,5
1941,土木局,C道路建設課,5
1941,土木局,庶務課,2
1941,土木局,河川課,6
1941,土木局,治水工事課,6
1941,土木局,道路管理課,5
1941,市民局,体力課,130
1941,市民局,公園課,1062
1941,市民局,区政課,16
1941,市民局,庶務課,12
1941,市民局,町会課,16
1941,市民局,第一課,16
1941,市民局,第二課,16
1941,教育局,学校体育課,175
1941,教育局,教育研究所,24
1941,教育局,社会教育課,24
1941,教育局,視学課,133
1941,教育局,青年教育課,128
1941,水道局,会計課,61
1941,水道局,営業課,127
1941,水道局,小室,9
1941,水道局,小臣浦合宿所,1144
1941,水道局,市小昭浦合宿所,1046
1941,水道局,擴張課,19
1941,水道局,木場,7
1941,水道局,水源林事務所,171
1941,水道局,水課,313
1941,水道局,給水課,131
1941,水道局,計画課,132
1941,水道局,道所合宿所,21
1941,港湾局,エ事課,14
1941,港湾局,庶務課,33
1941,港湾局,港務所,72
1941,港湾局,経理課,33
1941,港湾局,臨時飛行場建設事務所,14
1941,港湾局,計晝課,14
1941,経済局,C管理課,23
1941,経済局,商エ課,37
1941,経済局,庶務課,12
1941,経済局,業務課,23
1941,経済局,物價課,172
1941,経済局,管理課,720
1941,経済局,農漁課,46
1941,経済局,配給課,12
1941,経済局,金融課,12
1941,荒産院,世田谷授産場,11
1941,荒産院,会計課,169
1941,荒産院,作業課,74
1941,荒産院,医務課,59
1941,荒産院,古石場,11
1941,荒産院,庶務課,53
1941,荒産院,所,22
1941,荒産院,明石町内職協同作業所,1192
1941,荒産院,月住宅管理所,11
1941,荒産院,生局児童課,176
1941,荒産院,監理課,156
1941,荒産院,監護課,174
1941,荒産院,管理課,39
1941,荒産院,計画課,0
1941,財務局,C会計課,58
1941,財務局,主税課,129
1941,財務局,主計課,60
1941,財務局,向島区役所,762
1941,財務局,品課,40
1941,財務局,営繕課,10
1941,財務局,地理課,2
1941,財務局,城東区役所,38
1941,財務局,外所,38
1941,財務局,学校営緯課,10
1941,財務局,庶務課,75
1941,財務局,新宿派出所,13
1941,財務局,江戸川区役所,13
1941,財務局,用品課,40
1941,財務局,管理課,10
1941,財務局,萬西派出所,13
1941,財務局,葛飾区役所,13
1941,財務局,裝置課,116
1941,財務局,調査課,55
1941,財務局,議事課,55
1941,財務局,購買課,40
1941,電気局,C牛込区役所,112
1941,電気局,C豊島区役所,62
1941,電気局,下谷区役所,173
1941,電気局,世田谷区役所,54
1941,電気局,中野区役所,73
1941,電気局,主所,62
1941,電気局,乘客課,56
1941,電気局,京橋区役所,124
1941,電気局,会計課,4
1941,電気局,保線課,32
1941,電気局,労務課,35
1941,電気局,品川区役所,79
1941,電気局,四谷区役所,164
1941,電気局,大場,521
1941,電気局,大森区役所,126
1941,電気局,小石川区役所,312
1941,電気局,庶務課,217
1941,電気局,戸所,32
1941,電気局,技術課,48
1941,電気局,日本橋区役所,121
1941,電気局,時派出所,1079
1941,電気局,本所区役所,117
1941,電気局,本郷区役所,255
1941,電気局,杉並区役所,111
1941,電気局,浅草区役所,163
1941,電気局,淀橋区役所,125
1941,電気局,深川区役所,120
1941,電気局,玉川派出所,1334
1941,電気局,玉派出所,54
1941,電気局,王子区役所,212
1941,電気局,目黒区役所,123
1941,電気局,石神井派出所,18
1941,電気局,研究課,77
1941,電気局,神田区役所,115
1941,電気局,第一調整課,48
1941,電気局,第二調整課,48
1941,電気局,経済課税務課,548
1941,電気局,経理課,4
1941,電気局,練馬派出所,18
1941,電気局,臨時電源調査課,17
1941,電気局,芝区役所,437
1941,電気局,荏原区役所,158
1941,電気局,荒川区役所,18
1941,電気局,蒲田区役所,122
1941,電気局,試験課,45
1941,電気局,調布派出所,1329
1941,電気局,赤坂区役所,926
1941,電気局,足立区役所,166
1941,電気局,運転課,110
1941,電気局,配線課,70
1941,電気局,電力課,31
1941,電気局,電気研究所,1187
1941,電気局,麹町区役所,36
1941,電気局,麻布区役所,118
1942,,C審議室,321
1942,,人事課,15
1942,,企画課,113
1942,,区政課,16
1942,,報道課,8
1942,,文書課,8
1942,,東京市役所,1360
1942,,検査課,81
1942,,秘書課,15
1942,,統計課,8
1942,,考査課,81
1942,,議案課,76
1942,,都市計画課,47
1942,,隊算課,60
1942,中央卸売市場,管理課,23
1942,健民局,上四谷小児保健所,170
1942,健民局,体力課,130
1942,健民局,厚生課,11
1942,健民局,古石場,11
1942,健民局,庶務課,183
1942,健民局,所,167
1942,健民局,機械工訓育所長兼機械工訓育所,1400
1942,健民局,母子課,170
1942,健民局,萬餘診寮所,167
1942,健民局,補導課,319
1942,健民局,防疫課,182
1942,土木局,庶務課,2
1942,土木局,治水課,6
1942,土木局,道路建設課,5
1942,土木局,道路管理課,5
1942,市会事務局,庶務課,75
1942,市会事務局,母子課,441
1942,市会事務局,議事課,55
1942,市会事務局,軍事援護課,177
1942,市会事務局,馬場,315
1942,戰時生活局,動員課,16
1942,戰時生活局,商工課,12
1942,戰時生活局,庶務課,12
1942,戰時生活局,物價課,12
1942,戰時生活局,町会課,16
1942,戰時生活局,貯蓄奬勵課,320
1942,戰時生活局,農漁課,46
1942,戰時生活局,配給第一課,180
1942,戰時生活局,配給第二課,172
1942,教育局,中等教育課,128
1942,教育局,学校体育課,175
1942,教育局,学校施設課,133
1942,教育局,庶務課,24
1942,教育局,教化課,179
1942,教育局,教育研究所,24
1942,教育局,施設課,24
1942,教育局,訓練課,24
1942,教育局,資材課,24
1942,業所長(健民局,中部出張所,168
1942,業所長(健民局,医務課,59
1942,業所長(健民局,古石場,11
1942,業所長(健民局,技術課,39
1942,業所長(健民局,教育局学校体育課,176
1942,業所長(健民局,松戸療養所,1445
1942,業所長(健民局,管理課,39
1942,水道局,小母浦合宿所,7
1942,水道局,小留浦合宿所,21
1942,水道局,小留浦金活所,1318
1942,水道局,庶務課,323
1942,水道局,所,21
1942,水道局,技術課,132
1942,水道局,擴張課,19
1942,水道局,水源林事務所,171
1942,水道局,水課,313
1942,水道局,給水課,131
1942,港湾局,会計課,61
1942,港湾局,営業課,127
1942,港湾局,庶務課,33
1942,港湾局,港務所,72
1942,港湾局,築港課,14
1942,経理局,会計課,58
1942,経理局,収納課,129
1942,経理局,向島区役所,38
1942,経理局,営繕課,10
1942,経理局,地理課,2
1942,経理局,城東区役所,38
1942,経理局,学校営繕課,10
1942,経理局,板橋区役所,18
1942,経理局,用品課,1110
1942,経理局,管理課,10
1942,経理局,荒川区役所,18
1942,経理局,葛飾区役所,13
1942,経理局,裝置課,116
1942,経理局,豊島区役所,62
1942,経理局,買課,40
1942,経理局,購買課,40
1942,経理局,足立区役所,166
1942,電気局,下谷区役所,173
1942,電気局,中野区役所,73
1942,電気局,主計課,181
1942,電気局,井場,164
1942,電気局,京橋区役所,124
1942,電気局,会計課,4
1942,電気局,作業課,74
1942,電気局,保線課,32
1942,電気局,品川区役所,79
1942,電気局,四谷区役所,1086
1942,電気局,大場,317
1942,電気局,大森区役所,126
1942,電気局,島野木田岡只場,80
1942,電気局,庶務課,48
1942,電気局,日本橋区役所,121
1942,電気局,本所区役所,117
1942,電気局,本郷区役所,1340
1942,電気局,浅区役所,163
1942,電気局,淀橋区役所,125
1942,電気局,深川区役所,120
1942,電気局,牛込区役所,112
1942,電気局,監理課,156
1942,電気局,目黒区役所,123
1942,電気局,目黒電車営業所,80
1942,電気局,研究課,77
1942,電気局,砧派出所,54
1942,電気局,神田区役所,115
1942,電気局,経理課,4
1942,電気局,芝区役所,316
1942,電気局,荏原区役所,158
1942,電気局,蒲田区役所,122
1942,電気局,親切課,178
1942,電気局,計画課,314
1942,電気局,試験課,45
1942,電気局,調査課,48
1942,電気局,赤坂区役所,318
1942,電気局,車輛課,56
1942,電気局,運転課,134
1942,電気局,電力課,80
1942,電気局,電気研究所,322
1942,電気局,麹町区役所,36
1942,電気局,麻布区役所,118
1942,養育院,会計課,169
1942,養育院,医務課,59
1942,養育院,庶務課,53
1942,養育院,監護課,174
1943,,C番議室,321
1943,,人事課,15
1943,,区政課,16
1943,,報道課,8
1943,,文書課,8
1943,,東京市役所,843
1943,,検査課,81
1943,,秘書課,15
1943,,統計課,8
1943,,考査課,81
1943,,議案課,76
1943,,豫算課,60
1943,,都市計晝課,47
1943,中央卸売市場,初等教育課,1449
1943,中央卸売市場,各区役所,1455
1943,中央卸売市場,庶務課,1454
1943,中央卸売市場,新聞記者室,1216
1943,中央卸売市場,議事課,1346
1943,中央卸売市場,電話事務所,1236
1943,健民局,上中屋署,11
1943,健民局,中所,454
1943,健民局,体力課,130
1943,健民局,千部出張所,168
1943,健民局,厚生課,11
1943,健民局,古石場,11
1943,健民局,庶務課,183
1943,健民局,所,167
1943,健民局,技術課,39
1943,健民局,機械工訓育所長兼機械工訓育所,11
1943,健民局,母子課,170
1943,健民局,管理課,39
1943,健民局,補導課,319
1943,健民局,軍事援護課,177
1943,健民局,防疫課,182
1943,健民局,馬場,315
1943,土木局,庶務課,2
1943,土木局,江戸川区出張所,1182
1943,土木局,治水課,6
1943,土木局,道路建設課,5
1943,土木局,道路管理課,5
1943,城東病院院,会計課,169
1943,城東病院院,健民局母子課,176
1943,城東病院院,医務課,59
1943,城東病院院,庶務課,53
1943,城東病院院,松戸療養所,1448
1943,城東病院院,監護課,174
1943,城東病院院,管理課,818
1943,城東病院院,衛生試験所,1374
1943,市会事務局,大和三八〇富署,443
1943,市会事務局,庶務課,75
1943,市会事務局,橋場,445
1943,市会事務局,福室,546
1943,市会事務局,茅場,442
1943,市会事務局,議事課,55
1943,後醍院,中野区役所,73
1943,後醍院,大森区役所,126
1943,後醍院,淀橋区役所,125
1943,後醍院,砧派出所,54
1943,後醍院,蒲田区役所,122
1943,戰時生活局,動員課,16
1943,戰時生活局,商工課,12
1943,戰時生活局,庶務課,12
1943,戰時生活局,物價課,12
1943,戰時生活局,町会課,16
1943,戰時生活局,管理課,23
1943,戰時生活局,貯薄奬勵課,320
1943,戰時生活局,農漁課,46
1943,戰時生活局,配給第一課,180
1943,戰時生活局,配給第二課,172
1943,教育局,中等教育課,128
1943,教育局,保線課,1456
1943,教育局,印刷所,1177
1943,教育局,学校体育課,175
1943,教育局,学校施設課,133
1943,教育局,庶務課,24
1943,教育局,教化課,179
1943,教育局,教育研究所,1127
1943,教育局,施設課,24
1943,教育局,詞練課,24
1943,民局,古石場,448
1943,水道局,下谷区役所,949
1943,水道局,収納課,1451
1943,水道局,可籍兵事課・財務課,1220
1943,水道局,審議室,1450
1943,水道局,工務課,449
1943,水道局,幸場,451
1943,水道局,擴張課,444
1943,水道局,給水課,131
1943,水道局,長書仕役書役書室,1452
1943,水違局,小智海合宿所,7
1943,水違局,小習酒合病所,681
1943,水違局,庶務課,323
1943,水違局,所,21
1943,水違局,技術課,132
1943,水違局,水源林事務所,171
1943,港湾局,会計課,61
1943,港湾局,営業課,127
1943,港湾局,小室,1137
1943,港湾局,庶務課,33
1943,港湾局,港務所,72
1943,港湾局,築港課,14
1943,港準局,下水課,694
1943,港準局,営業課,1438
1943,港準局,庶務課,1363
1943,港準局,長室部掛掛室室室室室,1453
1943,経〓局,茅場,566
1943,経〓局,軍事援護課,447
1943,経理局,収納課,129
1943,経理局,向島区役所,38
1943,経理局,営繕課,10
1943,経理局,地理課,2
1943,経理局,学校警繕課,10
1943,経理局,書理課,10
1943,経理局,書計課,58
1943,経理局,杉並区役所,62
1943,経理局,用品課,40
1943,経理局,荒川区役所,18
1943,経理局,葛飾区役所,13
1943,経理局,購買課,40
1943,経理局,足立区役所,166
1943,電気局,下谷区役所,173
1943,電気局,主計課,181
1943,電気局,京橋区役所,124
1943,電気局,会計課,4
1943,電気局,作業課,74
1943,電気局,保線課,32
1943,電気局,労務課,737
1943,電気局,品川区役所,79
1943,電気局,大場,317
1943,電気局,小石川区役所,741
1943,電気局,日本橋区役所,121
1943,電気局,本所区役所,117
1943,電気局,本郷区役所,1341
1943,電気局,深川区役所,120
1943,電気局,牛込区役所,112
1943,電気局,監督課,134
1943,電気局,目黒区役所,123
1943,電気局,研究課,77
1943,電気局,神田区役所,115
1943,電気局,経理課,4
1943,電気局,芝区役所,316
1943,電気局,荏原区役所,440
1943,電気局,親切課,178
1943,電気局,計画課,314
1943,電気局,試験課,45
1943,電気局,調査課,48
1943,電気局,赤坂区役所,318
1943,電気局,車輛課,56
1943,電気局,運転課,134
1943,電気局,電力課,80
1943,電気局,電気研究所,322
1943,電気局,麹町区役所,36
1943,電気局,麻布区役所,118
1944,,コンクリート工場,1119
1944,,三ツ木診療所,999
1944,,三河島診療所,646
1944,,下谷児童健康指導所,542
1944,,下谷区出張所,830
1944,,下谷診療所,1436
1944,,世田谷区出張所,745
1944,,中央裁斷場,509
1944,,中野児童健康指導所,1067
1944,,中野区出張所,701
1944,,五反田診療所,1393
1944,,五技所,1402
1944,,京橋区出張所,1185
1944,,人事課,15
1944,,什器工場,1290
1944,,代々幡診療所,533
1944,,会計課,58
1944,,会計課用度課,1457
1944,,住宅交換斡旋所,1158
1944,,保健相談所,894
1944,,健民課,130
1944,,元八王子診療所,550
1944,,元町作業所,1353
1944,,八王子健康相談所,877
1944,,八王子優生相談所,916
1944,,共同住宅管理事務所,611
1944,,再生油工場,1285
1944,,加住村診療所,668
1944,,北多府中馬場,979
1944,,南千住診療所,885
1944,,厚生課,11
1944,,厚生課健民課,177
1944,,参事官室,888
1944,,向島児童健康指導所,1416
1944,,向島診療所,658
1944,,品川児童健康指導所,1276
1944,,品川区出張所,1271
1944,,品川小児保健所,1433
1944,,品川診療所,1466
1944,,四谷区出張所,1335
1944,,四谷小児保健所,1194
1944,,四谷診療所,1033
1944,,城東児童健康指導所,1317
1944,,城東診療所,644
1944,,大井診療所,547
1944,,大崎診療所,900
1944,,大森児童健康指導所,1367
1944,,大森区出張所,1308
1944,,寺島優生相談所,837
1944,,小石川児童健康指導所,858
1944,,小石川区出張所,1039
1944,,尾久診療所,567
1944,,恩方診療所,1463
1944,,所,906
1944,,指導所,1391
1944,,振興課,16
1944,,振興課厚生課,576
1944,,採石工場,1384
1944,,文書課,8
1944,,新富町診療所,1442
1944,,新橋診療所,1425
1944,,日暮里健康相談所,1460
1944,,日暮里優生相談所,1465
1944,,日本橋健康相談所,1069
1944,,日本橋区出張所,1310
1944,,日本橋小児保健所,1252
1944,,月月月月月監主心所,1432
1944,,月月月雇主所,783
1944,,本所児童健康指導所,1447
1944,,本所診療所,579
1944,,本田健康相談所,1462
1944,,本郷健康相談所,1423
1944,,本郷区出張所,1312
1944,,杉並児童健康指導所,1303
1944,,杉並区出張所,841
1944,,杉並診療所,1008
1944,,東京都本所防疫所,688
1944,,東京都消毒所,1468
1944,,東京都荏原防疫所,831
1944,,東京都駒込防疫所,1413
1944,,板橋優生相談所,982
1944,,板橋区出張所,919
1944,,横山村診療所,1467
1944,,江戸川健康相談所,1435
1944,,治療所,553
1944,,浅草健康相談所,1017
1944,,浅草区出張所,778
1944,,浅草診療所,917
1944,,淀橋健康相談所,1444
1944,,淀橋優生相談所,1068
1944,,淀橋区出張所,994
1944,,淀橋診療所,902
1944,,深川作業場,557
1944,,深川児童健康指導所,755
1944,,深川区出張所,824
1944,,深川診療所,1419
1944,,清掃課,74
1944,,清日課,129
1944,,済生会防疫課,1007
1944,,熱海第一健民修錬所,1459
1944,,熱海第二健民修錬所,453
1944,,牛込児童健康指導所,845
1944,,牛込区出張所,1200
1944,,玉川診療所,911
1944,,王子健康相談所,939
1944,,王子区出張所,1214
1944,,王子小児保健所,821
1944,,王子診療所,1010
1944,,用度課,40
1944,,用度課考査課,1440
1944,,田所,1376
1944,,白山診療所,531
1944,,監理課,183
1944,,目黒児童健康指導所,1371
1944,,目黒区出張所,844
1944,,目黒小児保健所,1458
1944,,目黒診療所,653
1944,,砂町健康相談所,640
1944,,砂町診療所,662
1944,,神津島診療所,633
1944,,神田児童健康指導所,1417
1944,,神田区出張所,1309
1944,,立川健康相談所,976
1944,,立川優生相談所,540
1944,,綾瀬作業所,1196
1944,,翳生課,733
1944,,考査課,81
1944,,自動車工場,676
1944,,船舶作業所,1253
1944,,芝健康相談所,1418
1944,,芝区出張所,584
1944,,芝浦診療所,892
1944,,荏原健康相談所,1424
1944,,荏原区出張所,1215
1944,,荏原診療所,897
1944,,荒川区出張所,1076
1944,,葛飾児童健康指導所,773
1944,,葭町診療所,1070
1944,,蒲田児童健康指導所,1242
1944,,蒲田区出張所,798
1944,,西品川健康相談所,1040
1944,,西品川優生相談所,1464
1944,,西巣鴨健康相談所,1461
1944,,西巣鴨優生相談所,1275
1944,,西巣鴨診療所,638
1944,,財務課,60
1944,,赤坂診療所,777
1944,,足立児童健康指導所,1301
1944,,銀座診療所,1434
1944,,防疫課,182
1944,,阿佐ケ谷健康相談所,1437
1944,,隅田診療所,523
1944,,青寫眞工場,1441
1944,,青梅優生相談所,823
1944,,馬場,1342
1944,,麹町区出張所,1313
1944,,麻布児童健康指導所,612
1944,,麻布区出張所,1315
1944,,麻薬中毒者救護所,574
1944,交通局,交通局保線課,450
1944,交通局,交通局保線課電気課,1471
1944,交通局,交通局経理課,4
1944,交通局,交通局経理課運輪課,178
1944,交通局,交通局車輛課,895
1944,交通局,交通局軍輛課保繰課,1356
1944,交通局,交通局運輸課,134
1944,交通局,交通局運輸課車輛課,878
1944,交通局,交通局電気課,80
1944,交通局,保線課,491
1944,交通局,兩国出張所,1198
1944,交通局,大門出張所,522
1944,交通局,尾久派出所,564
1944,交通局,戸所,594
1944,交通局,教習所,825
1944,交通局,春日町出張所,721
1944,交通局,本郷出張所,795
1944,交通局,浅草出張所,691
1944,交通局,深川出張所,1045
1944,交通局,王子出張所,732
1944,交通局,経理課,181
1944,交通局,芝浦出張所,1390
1944,交通局,西室,680
1944,交通局,車輛課,456
1944,交通局,運輸課,1038
1944,交通局,銀座出張所,1078
1944,交通局,電気課,457
1944,交通局,青山出張所,1197
1944,教育局,向島区出張所,693
1944,教育局,城東区出張所,829
1944,教育局,庶務課,179
1944,教育局,教育第一課,133
1944,教育局,教育第二課,128
1944,教育局,江戸川区出張所,486
1944,教育局,清掃課,1469
1944,教育局,清掃課教育局庶務課,1277
1944,教育局,葛飾区出張所,1311
1944,教育局,足立区出張所,832
1944,水道局,下水課,598
1944,水道局,丸ノ内出張所,1142
1944,水道局,交通局電気課水道局庶務課,1268
1944,水道局,工専課,840
1944,水道局,庶務課,753
1944,水道局,業務課,1138
1944,水道局,水道局下水課,446
1944,水道局,水道局工事課,132
1944,水道局,水道局庶務課,61
1944,水道局,水道局庶務課業務課,452
1944,水道局,水道局業務課,754
1944,水道局,水道局業務課給水課,907
1944,水道局,水道局給水課工事課,511
1944,水道局,淀橋出張所,131
1944,水道局,第一出張所,1316
1944,水道局,第三出張所,590
1944,水道局,第二出張所,577
1944,水道局,第四出張所,530
1944,水道局,給水課,1139
1944,水道局,西部田田課,905
1944,水道局,龜戸出張所,1146
1944,港湾局,工事課,514
1944,港湾局,港湾局工事課,14
1944,港湾局,経理課,455
1944,港湾局,食料課,1372
1944,港湾局,食糧検査所,520
1944,港湾局,食糧検査所八王子支所,698
1944,港湾局,食糧検査所東京支所,690
1944,港湾局,食糧検査所青梅支所,695
1944,経済局,化学工業指導所,1426
1944,経済局,合〓山垣島山場,1470
1944,経済局,品川機械工業指導所,1322
1944,経済局,商工課,12
1944,経済局,商工課農務課,891
1944,経済局,家畜市場,1386
1944,経済局,島嶼産業指導所,1439
1944,経済局,料課資材課,669
1944,経済局,本所機械工業指導所,1243
1944,経済局,本所職業補導所,1299
1944,経済局,林務課,679
1944,経済局,林務課食料課,717
1944,経済局,林産物検査所三宅支所,945
1944,経済局,林産物検査所大島支所,715
1944,経済局,林産物検査所深川支所,781
1944,経済局,荏原機械工補導所,586
1944,経済局,荒川機械工業指導所,1357
1944,経済局,蒲田機械工業指導所,1392
1944,経済局,調査室,839
1944,経済局,資材課,846
1944,経済局,農務課,46
1944,経済局,農務課林務課,734
1944,経済局,食料課,180
1944,経済局,食糧検査所府中支所,667
1944,計晝局,事務所,168
1944,計晝局,企画課,24
1944,計晝局,公園緑地課,39
1944,計晝局,公園緑地課道路課,1355
1944,計晝局,営繕課,10
1944,計晝局,多磨墓地管理事務所,1042
1944,計晝局,大島公園事務所,1443
1944,計晝局,庶務課,2
1944,計晝局,庶務課都市計画課,800
1944,計晝局,河川課,6
1944,計晝局,瀝青混合所,792
1944,計晝局,第一出張所,565
1944,計晝局,第七出張所,589
1944,計晝局,第三出張所,1446
1944,計晝局,第二出張所,735
1944,計晝局,第五出張所,1278
1944,計晝局,第八出張所,1336
1944,計晝局,第六出張所,1319
1944,計晝局,第四出張所,1325
1944,計晝局,資材課計画局庶務課,871
1944,計晝局,道路課,5
1944,計晝局,都市計画課,47
1944,計晝局,防火改修課,740
